Season,MatchDate,HomeTeam,AwayTeam,FTR,B365H,B365D,B365A,FTHG,FTAG,HS,AS,HST,AST,HC,AC,HY,AY,HR,AR,ActualResult,ModelPrediction,MarketPrediction,ModelHomeProb,ModelDrawProb,ModelAwayProb,MarketHomeProb,MarketDrawProb,MarketAwayProb
2025/26,2025-08-15,Liverpool,Bournemouth,H,1.3,6.0,8.5,4,2,19,10,10,3,6,7,1,2,0,0,Home Win,Home Win,Home Win,0.7915170734735425,0.12023997708597702,0.08824294944048061,0.730136005726557,0.15819613457408735,0.11166785969935578
2025/26,2025-08-16,Aston Villa,Newcastle,D,2.25,3.5,2.9,0,0,3,16,3,3,3,6,1,1,1,0,Draw,Home Win,Home Win,0.38517883203737713,0.3253848742397358,0.2894362937228872,0.4134419551934827,0.26578411405295316,0.3207739307535642
2025/26,2025-08-16,Brighton,Fulham,D,1.91,3.6,4.0,1,1,10,7,4,2,4,3,3,3,0,0,Draw,Draw,Home Win,0.40329476743133486,0.42412223448529707,0.17258299808336822,0.49799419006778256,0.2642135841748513,0.23779222575736617
2025/26,2025-08-16,Sunderland,West Ham,H,3.25,3.4,2.25,3,0,10,12,5,4,5,7,0,1,0,0,Home Win,Away Win,Away Win,0.22167680472097562,0.3060079464916638,0.47231524878736053,0.2940893801057184,0.2811148486304661,0.4247957712638154
2025/26,2025-08-16,Tottenham,Burnley,H,1.38,4.75,8.5,3,0,16,14,6,4,6,5,0,0,0,0,Home Win,Home Win,Home Win,0.714151684353764,0.14614774383712958,0.1397005718091065,0.6882884418683941,0.19996590521650184,0.11174565291510398
2025/26,2025-08-16,Wolverhampton Wanderers,Manchester City,A,6.25,4.75,1.45,0,4,9,15,3,4,4,6,1,2,0,0,Away Win,Away Win,Away Win,0.1643744432099507,0.169345097123992,0.6662804596660572,0.1509175568337442,0.1985757326759792,0.6505067104902768
2025/26,2025-08-17,Chelsea,Crystal Palace,D,1.62,4.33,4.5,0,0,19,12,3,4,11,2,2,3,0,0,Draw,Home Win,Home Win,0.49383291494208537,0.27131043196649834,0.23485665309141632,0.5766567227786064,0.21574685702109522,0.2075964202002983
2025/26,2025-08-17,Manchester United,Arsenal,A,3.6,3.6,1.95,0,1,22,9,7,3,3,4,1,4,0,0,Away Win,Away Win,Away Win,0.2767392325388792,0.2944976836039918,0.4287630838571289,0.25999999999999995,0.25999999999999995,0.48
2025/26,2025-08-17,Nottingham Forest,Brentford,H,2.2,3.3,3.5,3,1,11,10,5,3,5,5,1,2,0,0,Home Win,Home Win,Home Win,0.44503772416388365,0.2758547810378347,0.27910749479828156,0.4356846473029045,0.2904564315352697,0.2738589211618257
2025/26,2025-08-18,Leeds,Everton,H,2.38,3.3,3.0,1,0,21,7,3,1,7,2,0,2,0,0,Home Win,Draw,Home Win,0.26004318849672364,0.47288342909277714,0.26707338241049916,0.39768618944323936,0.28681610026512416,0.31549771029163654
2025/26,2025-08-22,West Ham,Chelsea,A,4.75,3.8,1.73,1,5,12,12,4,7,7,5,0,1,0,0,Away Win,Away Win,Away Win,0.2246699741927144,0.22183900918023472,0.5534910166270509,0.20017356089094587,0.25021695111368236,0.5496094879953717
2025/26,2025-08-23,Arsenal,Leeds,H,1.27,6.25,9.5,5,0,18,3,5,1,2,2,0,2,0,0,Home Win,Home Win,Home Win,0.8645514615437527,0.06519317067623615,0.07025536778001122,0.7480079367578973,0.15199521274920477,0.09999685049289786
2025/26,2025-08-23,Bournemouth,Wolverhampton Wanderers,H,1.8,3.8,4.2,1,0,14,6,4,1,8,3,2,4,0,1,Home Win,Home Win,Home Win,0.5165928310857181,0.24798384964847875,0.23542331926580318,0.5256916996047432,0.24901185770750986,0.225296442687747
2025/26,2025-08-23,Brentford,Aston Villa,H,3.1,3.6,2.2,1,0,9,17,2,2,2,9,1,2,0,0,Home Win,Away Win,Away Win,0.2743230536206844,0.323002576257554,0.40267437012176155,0.30579150579150577,0.2633204633204633,0.43088803088803085
2025/26,2025-08-23,Burnley,Sunderland,H,2.2,3.2,3.5,2,0,7,9,2,1,4,3,0,1,0,0,Home Win,Home Win,Home Win,0.46919305208208406,0.2893653329374901,0.24144161498042585,0.4317656129529684,0.2968388589051658,0.27139552814186585
2025/26,2025-08-23,Manchester City,Tottenham,A,1.48,4.5,6.25,0,2,10,12,4,5,7,2,1,4,0,0,Away Win,Home Win,Home Win,0.7067591645734298,0.1511507210023636,0.14209011442420655,0.6386964914272737,0.2100601794027478,0.15124332916997843
2025/26,2025-08-24,Crystal Palace,Nottingham Forest,D,2.35,3.3,3.1,1,1,8,9,4,1,1,3,3,3,0,0,Draw,Away Win,Home Win,0.3376152620061979,0.28266559079173514,0.379719147202067,0.4048278591214879,0.2882865057380293,0.3068856351404828
2025/26,2025-08-24,Everton,Brighton,H,3.1,3.3,2.3,2,0,11,13,3,4,2,2,4,3,0,0,Home Win,Draw,Away Win,0.2761001407773708,0.36904213361513016,0.3548577256074992,0.30420841683366734,0.28577154308617236,0.41002004008016035
2025/26,2025-08-24,Fulham,Manchester United,D,3.25,3.5,2.15,1,1,13,10,4,3,9,6,1,1,0,0,Draw,Away Win,Away Win,0.3072985607015339,0.2513359764793657,0.4413654628191005,0.2906808305166586,0.269917914051183,0.43940125543215836
2025/26,2025-08-25,Newcastle,Liverpool,A,3.25,3.8,2.05,2,3,10,5,3,4,7,1,2,3,1,0,Away Win,Draw,Away Win,0.3317723178620692,0.3353658565526735,0.33286182558525723,0.290644529428225,0.24857755806361348,0.46077791250816164
2025/26,2025-08-30,Chelsea,Fulham,H,1.55,4.33,5.25,2,0,13,11,6,3,6,4,2,2,0,0,Home Win,Home Win,Home Win,0.5840428505164433,0.2818467994747552,0.13411035000880148,0.6048853824355068,0.21652940941686735,0.17858520814762582
2025/26,2025-08-30,Leeds,Newcastle,D,3.5,3.4,2.1,0,0,10,8,1,2,5,5,1,1,0,0,Draw,Away Win,Away Win,0.21072122657107123,0.35614720345681966,0.4331315699721091,0.27055702917771884,0.2785145888594165,0.4509283819628648
2025/26,2025-08-30,Manchester United,Burnley,H,1.33,5.25,8.0,3,2,26,6,6,3,7,1,1,5,0,0,Home Win,Home Win,Home Win,0.7126480940931005,0.16183799444570127,0.12551391146119825,0.7044320516583504,0.17845611975344877,0.11711182858820077
2025/26,2025-08-30,Sunderland,Brentford,H,3.0,3.3,2.4,2,1,12,7,3,4,3,4,3,2,0,0,Home Win,Away Win,Away Win,0.2224919751492313,0.29657773735589105,0.4809302874948775,0.31654676258992803,0.2877697841726619,0.3956834532374101
2025/26,2025-08-30,Tottenham,Bournemouth,A,1.73,4.2,4.2,0,1,5,20,1,6,0,8,2,4,0,0,Away Win,Home Win,Home Win,0.5867777460331821,0.14663196319792884,0.2665902907688889,0.5483028720626633,0.2258485639686684,0.2258485639686684
2025/26,2025-08-30,Wolverhampton Wanderers,Everton,A,2.7,3.2,2.75,2,3,12,10,4,4,2,2,0,1,0,0,Away Win,Away Win,Home Win,0.2960868236116011,0.34459167180725214,0.35932150458114676,0.3539111200482606,0.2986125075407199,0.34747637241101953
2025/26,2025-08-31,Aston Villa,Crystal Palace,A,1.85,3.7,4.0,0,3,13,6,4,4,10,1,2,3,0,0,Away Win,Home Win,Home Win,0.39942689697679945,0.29670103301907463,0.303872070004126,0.5095541401273885,0.25477707006369427,0.2356687898089172
2025/26,2025-08-31,Brighton,Manchester City,H,3.8,3.9,1.9,2,1,12,12,7,3,3,2,2,2,0,0,Home Win,Away Win,Away Win,0.23035200808241169,0.3637651527388491,0.40588283917873924,0.25161290322580643,0.2451612903225807,0.5032258064516129
2025/26,2025-08-31,Liverpool,Arsenal,H,2.2,3.5,3.2,1,0,9,11,3,1,3,8,2,2,0,0,Home Win,Home Win,Home Win,0.4641451233923398,0.3366465854953981,0.19920829111226213,0.4317656129529684,0.27139552814186585,0.2968388589051658
2025/26,2025-08-31,Nottingham Forest,West Ham,A,1.67,3.75,5.25,0,3,11,12,3,8,9,7,0,0,0,0,Away Win,Home Win,Home Win,0.6230380032769955,0.2145564331711259,0.16240556355187855,0.5670771224886585,0.2525383452149492,0.1803845322963923
2025/26,2025-09-13,Arsenal,Nottingham Forest,H,1.38,5.0,8.0,3,0,16,5,5,1,8,4,1,1,0,0,Home Win,Home Win,Home Win,0.7350285615684832,0.15390447284888328,0.11106696558263345,0.6903693476009666,0.19054193993786675,0.11908871246116672
2025/26,2025-09-13,Bournemouth,Brighton,H,2.35,3.5,2.9,2,1,13,6,5,2,4,4,4,4,0,0,Home Win,Draw,Home Win,0.3381602986035325,0.3504227400045902,0.31141696139187713,0.40293767368003175,0.2705438666137356,0.3265184597062326
2025/26,2025-09-13,Brentford,Chelsea,D,4.5,3.9,1.73,2,2,7,16,4,6,5,6,3,2,0,0,Draw,Away Win,Away Win,0.23990147729459502,0.2570389423798668,0.5030595803255382,0.21030484383766596,0.24265943519730693,0.5470357209650272
2025/26,2025-09-13,Crystal Palace,Sunderland,D,1.65,3.75,5.75,0,0,14,6,6,0,5,3,1,1,0,0,Draw,Home Win,Home Win,0.5929115200029309,0.22598053177301297,0.18110794822405615,0.5790533736153071,0.2547834843907351,0.16616314199395768
2025/26,2025-09-13,Everton,Aston Villa,D,2.45,3.3,2.9,0,0,20,7,2,1,10,3,3,3,0,0,Draw,Home Win,Home Win,0.35679046525910946,0.3168611004316966,0.326348434309194,0.3865105008077544,0.28695476575121165,0.32653473344103395
2025/26,2025-09-13,Fulham,Leeds,H,1.91,3.5,4.0,1,0,5,10,3,3,3,3,1,2,0,0,Home Win,Home Win,Home Win,0.6169881032237217,0.1332098251120887,0.24980207166418966,0.4942630185348632,0.26972639011473964,0.23601059135039718
2025/26,2025-09-13,Newcastle,Wolverhampton Wanderers,H,1.42,4.75,7.0,1,0,16,8,4,3,10,4,1,4,0,0,Home Win,Home Win,Home Win,0.7041508434998152,0.17254349128443328,0.12330566521575162,0.6658656253129068,0.1990587764093321,0.13507559827776108
2025/26,2025-09-13,West Ham,Tottenham,A,3.4,3.6,2.1,0,3,7,14,4,5,2,13,0,1,1,0,Away Win,Away Win,Away Win,0.29489120075748493,0.2696275246768687,0.43548127456564645,0.28062360801781744,0.26503340757238314,0.4543429844097996
2025/26,2025-09-14,Burnley,Liverpool,A,8.0,5.5,1.33,0,1,3,27,0,4,1,13,0,2,0,0,Away Win,Away Win,Away Win,0.1428006436045882,0.18097609410858864,0.6762232622868232,0.11806956662093454,0.17173755144863206,0.7101928819304333
2025/26,2025-09-14,Manchester City,Manchester United,H,1.75,4.0,4.2,3,0,13,12,6,2,2,4,0,0,0,0,Home Win,Home Win,Home Win,0.5760454051042347,0.20665219950111954,0.2173023953946457,0.5393258426966292,0.23595505617977527,0.2247191011235955
2025/26,2025-09-20,Brighton,Tottenham,D,2.25,3.7,3.0,2,2,12,11,4,3,2,10,1,2,0,0,Draw,Draw,Home Win,0.35289729337709547,0.38604762468753867,0.2610550819353658,0.4240687679083095,0.25787965616045844,0.3180515759312321
2025/26,2025-09-20,Burnley,Nottingham Forest,D,3.4,3.3,2.2,1,1,12,17,5,8,4,5,1,1,0,0,Draw,Away Win,Away Win,0.251797241164342,0.28316275879801095,0.46504000003764706,0.2796610169491525,0.288135593220339,0.43220338983050843
2025/26,2025-09-20,Fulham,Brentford,H,2.0,3.4,3.8,3,1,14,8,3,3,2,10,4,1,0,0,Home Win,Home Win,Home Win,0.4868111780109382,0.20775459239402327,0.3054342295950384,0.47291361639824303,0.2781844802342606,0.24890190336749632
2025/26,2025-09-20,Liverpool,Everton,H,1.45,4.75,6.5,2,1,11,9,3,2,5,4,2,3,0,0,Home Win,Home Win,Home Win,0.6493159545704499,0.24683578842209503,0.10384825700745509,0.6543046357615894,0.1997350993377483,0.14596026490066225
2025/26,2025-09-20,Manchester United,Chelsea,H,2.6,3.8,2.45,2,1,11,5,4,1,5,5,0,5,1,1,Home Win,Home Win,Away Win,0.37828515327080803,0.25861822890912356,0.36309661782006836,0.3642410015649452,0.2492175273865415,0.3865414710485133
2025/26,2025-09-20,West Ham,Crystal Palace,A,2.88,3.5,2.38,1,2,8,18,3,3,8,8,3,3,0,0,Away Win,Away Win,Away Win,0.25925641780072395,0.2924167359624129,0.44832684623686314,0.32971295577967413,0.27130666075584614,0.39898038346447967
2025/26,2025-09-20,Wolverhampton Wanderers,Leeds,A,2.7,3.2,2.75,1,3,16,6,6,4,4,0,1,1,0,0,Away Win,Away Win,Home Win,0.39544597314296603,0.186962650236575,0.4175913766204591,0.3539111200482606,0.2986125075407199,0.34747637241101953
2025/26,2025-09-21,Arsenal,Manchester City,D,1.85,3.9,3.8,1,1,12,5,3,3,11,2,1,2,0,0,Draw,Home Win,Home Win,0.6052280187177906,0.22721925248332805,0.16755272879888128,0.509891622226045,0.2418716669533804,0.24823671082057458
2025/26,2025-09-21,Bournemouth,Newcastle,D,2.5,3.5,2.7,0,0,11,4,2,1,5,2,2,1,0,0,Draw,Home Win,Home Win,0.37077546925694516,0.29690811932592676,0.33231641141712803,0.3787575150300601,0.2705410821643286,0.3507014028056112
2025/26,2025-09-21,Sunderland,Aston Villa,D,3.4,3.5,2.1,1,1,14,12,4,2,6,5,2,1,1,0,Draw,Away Win,Away Win,0.183876287109163,0.29532476572141686,0.5207989471694201,0.2785145888594165,0.27055702917771884,0.4509283819628648
2025/26,2025-09-27,Brentford,Manchester United,H,3.4,3.8,2.0,3,1,10,14,8,6,4,2,2,2,0,0,Home Win,Away Win,Away Win,0.2842282433596538,0.3160636825636724,0.3997080740766737,0.2781844802342606,0.24890190336749632,0.47291361639824303
2025/26,2025-09-27,Chelsea,Brighton,A,1.85,3.8,3.8,1,3,13,12,3,3,5,7,3,5,1,0,Away Win,Home Win,Home Win,0.43395491166165184,0.35889022801242615,0.2071548603259219,0.5066666666666666,0.24666666666666667,0.24666666666666667
2025/26,2025-09-27,Crystal Palace,Liverpool,H,3.8,3.8,1.9,2,1,16,20,7,4,2,6,1,3,0,0,Home Win,Away Win,Away Win,0.2388503313407891,0.2783781441729162,0.4827715244862948,0.25,0.25,0.5
2025/26,2025-09-27,Leeds,Bournemouth,D,3.1,3.25,2.38,2,2,19,12,8,5,7,4,2,2,0,0,Draw,Away Win,Away Win,0.22226924647334373,0.32118205938664723,0.4565486941400089,0.30709067810068286,0.2929172621883437,0.39999205971097346
2025/26,2025-09-27,Manchester City,Burnley,H,1.17,7.5,15.0,5,1,21,9,8,2,10,2,1,3,0,0,Home Win,Home Win,Home Win,0.8405127895798475,0.08933419166748559,0.07015301875266688,0.8103727714748785,0.12641815235008103,0.06320907617504051
2025/26,2025-09-27,Nottingham Forest,Sunderland,A,1.75,3.75,4.5,0,1,22,11,6,3,7,4,4,2,0,0,Away Win,Home Win,Home Win,0.6069207141232109,0.2376905753698422,0.1553887105069468,0.5389221556886228,0.251497005988024,0.20958083832335334
2025/26,2025-09-27,Tottenham,Wolverhampton Wanderers,D,1.5,4.5,6.0,1,1,10,9,3,3,10,9,3,2,0,0,Draw,Home Win,Home Win,0.675608424432884,0.15115858517136432,0.17323299039575166,0.631578947368421,0.21052631578947367,0.15789473684210525
2025/26,2025-09-28,Aston Villa,Fulham,H,2.3,3.1,3.4,3,1,9,11,4,4,2,8,1,4,0,0,Home Win,Draw,Home Win,0.3573234497911337,0.40274094171762914,0.23993560849123718,0.41349548842683403,0.3067869752844252,0.27971753628874063
2025/26,2025-09-28,Newcastle,Arsenal,A,3.6,3.4,2.1,1,2,8,20,3,7,7,12,2,1,0,0,Away Win,Away Win,Away Win,0.2895333284311944,0.32103872828255736,0.38942794328624813,0.26503340757238314,0.28062360801781744,0.4543429844097996
2025/26,2025-09-29,Everton,West Ham,D,1.7,3.75,5.0,1,1,12,14,6,3,3,5,3,4,0,0,Draw,Home Win,Home Win,0.5947055116254605,0.23464120245124137,0.17065328592329815,0.5576208178438662,0.2527881040892193,0.1895910780669145
2025/26,2025-10-03,Bournemouth,Fulham,H,1.95,3.5,3.9,3,1,11,12,6,4,4,3,0,1,0,0,Home Win,Home Win,Home Win,0.46854674763451304,0.3209903122061382,0.2104629401593486,0.48611111111111116,0.2708333333333333,0.24305555555555558
2025/26,2025-10-04,Arsenal,West Ham,H,1.18,6.5,17.0,2,0,21,4,5,0,8,3,0,2,0,0,Home Win,Home Win,Home Win,0.8568133383732272,0.09655155653269783,0.04663510509407516,0.7993923171525718,0.1451204514215438,0.05548723142588439
2025/26,2025-10-04,Chelsea,Liverpool,H,2.8,3.75,2.3,2,1,12,12,6,2,7,2,0,2,0,0,Home Win,Draw,Away Win,0.32498519945073007,0.36532708182222245,0.3096877187270475,0.3373753178173283,0.2519069039702718,0.41071777821239974
2025/26,2025-10-04,Leeds,Tottenham,A,2.7,3.5,2.5,1,2,16,9,4,3,4,1,2,3,0,0,Away Win,Away Win,Away Win,0.2639610718227182,0.3632564736177695,0.3727824545595123,0.3507014028056112,0.2705410821643286,0.3787575150300601
2025/26,2025-10-04,Manchester United,Sunderland,H,1.5,4.75,5.75,2,0,15,8,6,3,2,3,1,4,0,0,Home Win,Home Win,Home Win,0.6854473955307617,0.1702795769862634,0.14427302748297488,0.6342525399129173,0.20029027576197386,0.16545718432510886
2025/26,2025-10-05,Aston Villa,Burnley,H,1.6,4.0,5.75,2,1,15,5,7,2,6,4,3,1,0,0,Home Win,Home Win,Home Win,0.5242062373076084,0.2707890459385172,0.20500471675387436,0.5958549222797929,0.2383419689119171,0.16580310880829016
2025/26,2025-10-05,Brentford,Manchester City,A,4.75,4.5,1.62,0,1,6,10,1,4,3,2,3,2,0,0,Away Win,Away Win,Away Win,0.24242818623168563,0.2492844430561856,0.5082873707121288,0.2004950495049505,0.21163366336633663,0.5878712871287128
2025/26,2025-10-05,Everton,Crystal Palace,H,2.45,3.25,3.0,2,1,14,15,7,8,2,4,2,3,0,0,Home Win,Away Win,Home Win,0.3229007374474235,0.32285423117655093,0.3542450313760257,0.38902743142144636,0.2932668329177058,0.31770573566084787
2025/26,2025-10-05,Newcastle,Nottingham Forest,H,1.57,4.2,5.5,2,0,18,5,9,4,8,1,0,4,0,0,Home Win,Home Win,Home Win,0.6209073181024252,0.19477025922273794,0.184322422674837,0.6026768243366641,0.22528633671632445,0.1720368389470114
2025/26,2025-10-05,Wolverhampton Wanderers,Brighton,D,3.6,3.7,2.0,1,1,6,17,3,6,2,8,2,4,0,0,Draw,Away Win,Away Win,0.20972870509573913,0.27830115749077605,0.5119701374134848,0.26504297994269344,0.2578796561604584,0.47707736389684813
2025/26,2025-10-18,Brighton,Newcastle,H,2.63,3.4,2.6,2,1,13,16,5,3,8,4,0,1,0,0,Home Win,Draw,Away Win,0.2870070603130979,0.43673191329174094,0.2762610263951611,0.3590576766856215,0.27774167343623074,0.3632006498781478
2025/26,2025-10-18,Burnley,Leeds,H,3.25,3.25,2.25,2,0,4,19,3,4,1,5,2,1,0,0,Home Win,Away Win,Away Win,0.349646092463675,0.20745876861269838,0.4428951389236265,0.2903225806451613,0.2903225806451613,0.4193548387096774
2025/26,2025-10-18,Crystal Palace,Bournemouth,D,2.2,3.4,3.25,3,3,20,8,7,5,6,5,1,4,0,0,Draw,Home Win,Home Win,0.3895069806454941,0.24908979179832882,0.361403227556177,0.43029595015576316,0.27842679127725856,0.29127725856697817
2025/26,2025-10-18,Fulham,Arsenal,A,5.75,4.1,1.55,0,1,9,16,0,5,6,10,0,0,0,0,Away Win,Away Win,Away Win,0.18617581884834042,0.2079258386737699,0.6058983424778897,0.16360944841346464,0.2294522752140053,0.6069382763725301
2025/26,2025-10-18,Manchester City,Everton,H,1.4,5.0,7.0,2,0,19,5,7,1,11,3,0,2,0,0,Home Win,Home Win,Home Win,0.6872232974731101,0.17987106406617331,0.13290563846071662,0.6756756756756757,0.1891891891891892,0.13513513513513511
2025/26,2025-10-18,Nottingham Forest,Chelsea,A,3.7,3.8,1.95,0,3,12,17,2,6,5,2,2,2,0,1,Away Win,Away Win,Away Win,0.2977584491197933,0.26496947474237625,0.4372720761378305,0.25832316541746553,0.25152518738016383,0.49015164720237064
2025/26,2025-10-18,Sunderland,Wolverhampton Wanderers,H,2.5,3.0,3.1,2,0,8,16,2,3,3,2,0,0,0,0,Home Win,Draw,Home Win,0.29760608747417383,0.3648049892930909,0.3375889232327353,0.3788187372708758,0.3156822810590631,0.3054989816700611
2025/26,2025-10-19,Liverpool,Manchester United,A,1.6,4.5,5.0,1,2,19,12,6,4,9,4,0,2,0,0,Away Win,Home Win,Home Win,0.6338233857194253,0.22660917307926767,0.1395674412013071,0.5968169761273209,0.21220159151193632,0.19098143236074272
2025/26,2025-10-19,Tottenham,Aston Villa,A,2.05,3.5,3.5,1,2,9,8,3,2,6,6,2,0,0,0,Away Win,Home Win,Home Win,0.4464522431524463,0.22631265381868412,0.32723510302886966,0.4605263157894737,0.2697368421052631,0.2697368421052631
2025/26,2025-10-20,West Ham,Brentford,A,2.5,3.25,2.88,0,2,7,22,1,7,6,10,1,1,0,0,Away Win,Home Win,Home Win,0.3579773302131329,0.2982252241306849,0.3437974456561822,0.3791776382418473,0.29167510633988253,0.32914725541827017
2025/26,2025-10-24,Leeds,West Ham,H,1.8,3.5,4.75,2,1,13,9,5,3,3,4,3,3,0,0,Home Win,Home Win,Home Win,0.44598518079623906,0.31188756441177634,0.24212725479198471,0.5281969817315331,0.27164416203335984,0.20015885623510724
2025/26,2025-10-25,Brentford,Liverpool,H,4.1,4.2,1.75,3,2,17,18,8,5,5,4,3,2,0,0,Home Win,Away Win,Away Win,0.26664559676469735,0.29170306515170746,0.44165133808359525,0.23153252480705624,0.22601984564498345,0.5424476295479603
2025/26,2025-10-25,Chelsea,Sunderland,A,1.36,4.75,9.0,1,2,16,10,7,4,9,1,1,1,0,0,Away Win,Home Win,Home Win,0.7182280134863621,0.19088623002348998,0.09088575649014796,0.6956875508543532,0.19918633034987795,0.10512611879576893
2025/26,2025-10-25,Manchester United,Brighton,H,1.95,3.8,3.5,4,2,13,17,9,5,1,6,2,2,0,0,Home Win,Home Win,Home Win,0.44373012426724134,0.30798401512739565,0.24828586060536306,0.483021608861449,0.24786635191574355,0.2691120392228073
2025/26,2025-10-25,Newcastle,Fulham,H,1.62,3.9,5.5,2,1,18,12,7,5,4,3,0,2,0,0,Home Win,Home Win,Home Win,0.6086922247133717,0.2586435019050579,0.13266427338157039,0.5848192376901684,0.24292491411745462,0.17225584819237688
2025/26,2025-10-26,Arsenal,Crystal Palace,H,1.4,4.75,7.5,1,0,10,7,3,1,4,3,0,0,0,0,Home Win,Home Win,Home Win,0.6740880617044287,0.19039401893216157,0.13551791936340982,0.6750355281856939,0.19895783988630977,0.1260066319279962
2025/26,2025-10-26,Aston Villa,Manchester City,H,4.33,3.8,1.8,1,0,9,18,3,4,5,6,1,4,0,0,Home Win,Away Win,Away Win,0.21473148174846277,0.2845131301750537,0.5007553880764836,0.22002058672156458,0.2507076685537828,0.5292717447246527
2025/26,2025-10-26,Bournemouth,Nottingham Forest,H,1.8,3.8,4.33,2,0,13,8,5,4,6,4,3,1,0,0,Home Win,Home Win,Home Win,0.5009521602437651,0.22597240554121956,0.2730754342150153,0.5292717447246527,0.2507076685537828,0.22002058672156458
2025/26,2025-10-26,Everton,Tottenham,A,2.35,3.4,3.0,0,3,12,7,2,4,9,8,2,0,0,0,Away Win,Home Win,Home Win,0.42904786069834344,0.28800851237485353,0.282943626926803,0.4041204437400951,0.2793185419968304,0.3165610142630745
2025/26,2025-10-26,Wolverhampton Wanderers,Burnley,A,1.95,3.3,4.2,2,3,15,11,7,7,5,3,1,0,0,0,Away Win,Home Win,Home Win,0.44404583236277495,0.26321536315575855,0.29273880448146644,0.48657187993680884,0.287519747235387,0.22590837282780407
2025/26,2025-11-01,Brighton,Leeds,H,1.85,3.75,4.0,3,0,14,5,7,2,4,7,0,1,0,0,Home Win,Home Win,Home Win,0.529828820327111,0.2390728013078251,0.23109837836506383,0.5112910097997443,0.25223689816787387,0.23647209203238176
2025/26,2025-11-01,Burnley,Arsenal,A,10.0,6.0,1.27,0,2,3,12,0,8,1,6,2,1,0,0,Away Win,Away Win,Away Win,0.10885013214538414,0.16088718186812373,0.7302626859864921,0.09487051792828687,0.15811752988047809,0.7470119521912351
2025/26,2025-11-01,Crystal Palace,Brentford,H,1.91,3.6,3.9,2,0,9,6,2,2,6,5,0,3,0,0,Home Win,Home Win,Home Win,0.43326138478254494,0.24211581413106442,0.32462280108639063,0.4949762030671602,0.2626123744050767,0.24241142252776313
2025/26,2025-11-01,Fulham,Wolverhampton Wanderers,H,1.83,3.5,4.5,3,0,19,5,6,2,10,1,1,3,0,1,Home Win,Home Win,Home Win,0.5541364875969512,0.21772931417648891,0.22813419822655978,0.5182625863770978,0.27097729516288255,0.21076011846001974
2025/26,2025-11-01,Liverpool,Aston Villa,H,1.65,4.33,4.5,2,0,16,10,4,3,1,4,2,3,0,0,Home Win,Home Win,Home Win,0.5653501048762614,0.25810112645853284,0.17654876866520586,0.5721710787120646,0.2180328590935119,0.20979606219442365
2025/26,2025-11-01,Nottingham Forest,Manchester United,D,3.3,3.75,2.05,2,2,17,18,3,7,8,5,1,1,0,0,Draw,Away Win,Away Win,0.30146937331578133,0.31662299328583154,0.3819076333983871,0.28655297735532564,0.2521666200726866,0.4612804025719877
2025/26,2025-11-01,Tottenham,Chelsea,A,2.7,3.5,2.5,0,1,3,15,1,9,6,5,4,2,0,0,Away Win,Away Win,Away Win,0.37797063998598024,0.223031483854597,0.39899787615942267,0.3507014028056112,0.2705410821643286,0.3787575150300601
2025/26,2025-11-02,Manchester City,Bournemouth,H,1.5,4.75,5.75,3,1,15,8,8,5,10,4,2,2,0,0,Home Win,Home Win,Home Win,0.6762055079388088,0.13227394607510787,0.1915205459860833,0.6342525399129173,0.20029027576197386,0.16545718432510886
2025/26,2025-11-02,West Ham,Newcastle,H,5.25,4.0,1.62,3,1,15,12,9,4,7,6,1,2,0,0,Home Win,Away Win,Away Win,0.19449644189376886,0.23363783699877957,0.5718657211074515,0.18007503126302626,0.236348478532722,0.5835764902042518
2025/26,2025-11-03,Sunderland,Everton,D,2.7,3.2,2.7,1,1,17,8,3,2,4,1,3,2,0,0,Draw,Draw,Home Win,0.23324456988282288,0.45174525261657456,0.31501017750060245,0.3516483516483516,0.2967032967032967,0.3516483516483516
2025/26,2025-11-08,Chelsea,Wolverhampton Wanderers,H,1.36,4.75,8.5,3,0,20,3,8,0,10,1,1,2,0,0,Home Win,Home Win,Home Win,0.6842398268515143,0.20689037043340716,0.10886980271507855,0.6914119359534208,0.19796215429403205,0.11062590975254732
2025/26,2025-11-08,Everton,Fulham,H,2.2,3.3,3.4,2,0,14,8,5,4,7,5,2,2,0,0,Home Win,Home Win,Home Win,0.43215150372276134,0.3501381931983948,0.21771030307884387,0.43220338983050843,0.288135593220339,0.2796610169491525
2025/26,2025-11-08,Sunderland,Arsenal,D,7.5,5.0,1.38,2,2,6,17,2,7,2,2,2,1,0,0,Draw,Away Win,Away Win,0.10231792644185199,0.20140540513149346,0.6962766684266546,0.12602739726027393,0.18904109589041093,0.684931506849315
2025/26,2025-11-08,Tottenham,Manchester United,D,2.63,3.6,2.5,2,2,10,5,4,2,5,3,5,1,0,0,Draw,Away Win,Away Win,0.35984471932983075,0.2587394231200739,0.3814158575500953,0.35938186319530413,0.26254841672323603,0.37806972008145995
2025/26,2025-11-08,West Ham,Burnley,H,1.91,3.5,4.0,3,2,15,16,6,7,7,4,2,2,0,0,Home Win,Home Win,Home Win,0.4702920473404767,0.27569210411580203,0.25401584854372133,0.4942630185348632,0.26972639011473964,0.23601059135039718
2025/26,2025-11-09,Aston Villa,Bournemouth,H,2.2,3.4,3.25,4,0,16,13,8,4,6,9,2,2,0,0,Home Win,Home Win,Home Win,0.3809462051650998,0.27803343975927447,0.3410203550756257,0.43029595015576316,0.27842679127725856,0.29127725856697817
2025/26,2025-11-09,Brentford,Newcastle,H,2.8,3.5,2.45,3,1,15,5,7,1,6,2,2,1,0,0,Home Win,Home Win,Away Win,0.3517227711183524,0.32800360107447724,0.32027362780717034,0.33980582524271846,0.27184466019417475,0.3883495145631068
2025/26,2025-11-09,Crystal Palace,Brighton,D,2.25,3.5,3.1,0,0,10,7,2,3,4,8,1,4,0,0,Draw,Draw,Home Win,0.3322772603214159,0.33960112689658933,0.3281216127819947,0.42217898832684825,0.2714007782101167,0.306420233463035
2025/26,2025-11-09,Manchester City,Liverpool,H,1.9,3.9,3.7,3,0,14,7,6,1,7,7,2,4,0,0,Home Win,Home Win,Home Win,0.5564512701141618,0.21929630460337343,0.22425242528246467,0.49982680983720124,0.24350536889504681,0.25666782126775195
2025/26,2025-11-09,Nottingham Forest,Leeds,H,2.25,3.25,3.3,3,1,14,10,6,3,6,4,2,1,0,0,Home Win,Home Win,Home Win,0.5348999764924047,0.20300954250950076,0.2620904809980945,0.4212076583210604,0.2916053019145803,0.2871870397643594
2025/26,2025-11-22,Bournemouth,West Ham,D,1.62,4.2,4.75,2,2,28,5,10,2,9,2,3,2,0,0,Draw,Home Win,Home Win,0.583640428611425,0.20056782068521833,0.2157917507033568,0.579116955499434,0.22337368283549597,0.1975093616650701
2025/26,2025-11-22,Brighton,Brentford,H,1.91,3.6,4.0,2,1,14,10,5,4,7,4,4,2,0,0,Home Win,Home Win,Home Win,0.39886646544305365,0.34628301144178436,0.25485052311516193,0.49799419006778256,0.2642135841748513,0.23779222575736617
2025/26,2025-11-22,Burnley,Chelsea,A,6.25,4.5,1.48,0,2,8,15,2,5,1,9,2,3,0,0,Away Win,Away Win,Away Win,0.16219613880724965,0.18666009226880761,0.6511437689239428,0.15124332916997843,0.2100601794027478,0.6386964914272737
2025/26,2025-11-22,Fulham,Sunderland,H,2.1,3.25,3.75,1,0,24,4,6,2,7,4,3,3,0,0,Home Win,Home Win,Home Win,0.5149721748092642,0.2413930503137841,0.2436347748769518,0.4532775453277545,0.2928870292887029,0.25383542538354253
2025/26,2025-11-22,Liverpool,Nottingham Forest,A,1.44,5.0,6.25,0,3,21,15,4,7,8,6,2,0,0,0,Away Win,Home Win,Home Win,0.6805673822796835,0.18796173893453377,0.13147087878578267,0.6585879873551107,0.1896733403582719,0.15173867228661753
2025/26,2025-11-22,Newcastle,Manchester City,H,3.6,3.8,1.95,2,1,9,17,5,4,5,9,1,3,0,0,Home Win,Away Win,Away Win,0.30816618027942055,0.28724280427565824,0.40459101544492115,0.263607257203842,0.2497331910352187,0.4866595517609391
2025/26,2025-11-22,Wolverhampton Wanderers,Crystal Palace,A,3.8,3.6,1.95,0,2,8,10,1,4,1,4,2,3,0,0,Away Win,Away Win,Away Win,0.16848916198932046,0.2348402711751713,0.5966705668355082,0.2497331910352187,0.263607257203842,0.4866595517609391
2025/26,2025-11-23,Arsenal,Tottenham,H,1.42,4.75,7.5,4,1,17,3,8,2,4,1,1,3,0,0,Home Win,Home Win,Home Win,0.7448085487869763,0.15656603382593723,0.09862541738708655,0.6719162580158431,0.20086759713315727,0.1272161448509996
2025/26,2025-11-23,Leeds,Aston Villa,A,3.0,3.3,2.4,1,2,14,14,5,3,3,3,5,1,0,0,Away Win,Away Win,Away Win,0.1971260039986156,0.36351849571575845,0.439355500285626,0.31654676258992803,0.2877697841726619,0.3956834532374101
2025/26,2025-11-24,Manchester United,Everton,A,1.75,4.0,4.33,0,1,25,3,6,1,9,1,2,0,0,1,Away Win,Home Win,Home Win,0.5070091356821791,0.3057213394678042,0.18726952485001663,0.5429892624813857,0.23755780233560622,0.21945293518300807
2025/26,2025-11-29,Brentford,Burnley,H,1.45,4.5,7.0,3,1,14,6,4,2,5,6,0,2,0,0,Home Win,Home Win,Home Win,0.6502199160027347,0.21304884975742847,0.13673123423983694,0.6538661131292164,0.21069019200830302,0.13544369486248053
2025/26,2025-11-29,Everton,Newcastle,A,2.8,3.25,2.63,1,4,10,13,2,8,8,7,0,0,0,0,Away Win,Home Win,Away Win,0.3584099671650259,0.3266785330433724,0.3149114997916017,0.34174279831277615,0.2944245647002379,0.36383263698698604
2025/26,2025-11-29,Manchester City,Leeds,H,1.22,6.5,12.0,3,2,18,9,9,4,8,1,4,1,0,0,Home Win,Home Win,Home Win,0.8728475438147266,0.05304207337790635,0.07411038280736708,0.7755791985681615,0.14557024957740877,0.07885055185442974
2025/26,2025-11-29,Sunderland,Bournemouth,H,3.2,3.3,2.3,3,2,12,18,6,6,6,3,5,5,0,1,Home Win,Away Win,Away Win,0.2228733439292608,0.27742700257969166,0.4996996534910476,0.29753038024304196,0.28851430811446493,0.4139553116424932
2025/26,2025-11-29,Tottenham,Fulham,A,2.2,3.3,3.3,1,2,14,7,2,3,8,2,3,2,0,0,Away Win,Home Win,Home Win,0.4446364227532248,0.2960748701511741,0.25928870709560103,0.4285714285714286,0.28571428571428575,0.28571428571428575
2025/26,2025-11-30,Aston Villa,Wolverhampton Wanderers,H,1.5,4.33,6.5,1,0,16,9,6,4,7,3,0,4,0,0,Home Win,Home Win,Home Win,0.603807407042389,0.22463436611825432,0.17155822683935668,0.6340391980175715,0.2196440639783735,0.14631673800405498
2025/26,2025-11-30,Chelsea,Arsenal,D,3.4,3.3,2.2,1,1,11,8,4,4,3,3,1,6,1,0,Draw,Draw,Away Win,0.26175028983678267,0.3813064739679093,0.35694323619530804,0.2796610169491525,0.288135593220339,0.43220338983050843
2025/26,2025-11-30,Crystal Palace,Manchester United,A,2.3,3.4,3.1,1,2,14,14,3,6,4,4,3,2,0,0,Away Win,Home Win,Home Win,0.36823082896870946,0.298103070402359,0.33366610062893154,0.41349548842683415,0.2797175362887407,0.3067869752844253
2025/26,2025-11-30,Nottingham Forest,Brighton,A,2.75,3.3,2.63,0,2,19,17,3,6,9,2,0,1,0,0,Away Win,Draw,Away Win,0.312353164196663,0.3955260335338597,0.29212080226947734,0.34734756768655073,0.28945630640545894,0.36319612590799033
2025/26,2025-11-30,West Ham,Liverpool,A,4.33,4.33,1.67,0,2,7,9,0,5,7,2,1,0,1,0,Away Win,Away Win,Away Win,0.24602489478228853,0.23517995451172322,0.5187951507059883,0.21773142112125163,0.21773142112125163,0.5645371577574968
2025/26,2025-12-02,Bournemouth,Everton,A,2.2,3.25,3.3,0,1,5,13,2,3,1,6,3,3,0,0,Away Win,Draw,Home Win,0.363467220953398,0.3884380183431493,0.24809476070345274,0.42669584245076586,0.2888402625820569,0.2844638949671772
2025/26,2025-12-02,Fulham,Manchester City,A,4.33,4.1,1.73,4,5,12,11,6,4,7,2,0,1,0,0,Away Win,Away Win,Away Win,0.2646139454212717,0.22541418860212967,0.5099718659765986,0.21934693801817737,0.2316517662484654,0.5490012957333573
2025/26,2025-12-02,Newcastle,Tottenham,D,1.83,3.8,4.1,2,2,19,8,7,2,11,8,0,3,0,0,Draw,Home Win,Home Win,0.5574511276678324,0.2562186776824268,0.18633019464974077,0.5186936112128375,0.24979192329460334,0.23151446549255922
2025/26,2025-12-03,Arsenal,Brentford,H,1.36,5.0,8.5,2,0,15,6,7,1,4,8,0,1,0,0,Home Win,Home Win,Home Win,0.7382027442123001,0.15657839335223103,0.10521886243546884,0.6983240223463686,0.18994413407821228,0.11173184357541899
2025/26,2025-12-03,Brighton,Aston Villa,A,2.15,3.5,3.4,3,4,16,14,7,10,5,6,2,2,0,0,Away Win,Draw,Home Win,0.31918960205046515,0.4223756927345484,0.2584347052149865,0.44510940714419295,0.27342435010286137,0.2814662427529456
2025/26,2025-12-03,Burnley,Crystal Palace,A,4.5,3.8,1.75,0,1,11,3,4,3,3,4,0,0,0,0,Away Win,Away Win,Away Win,0.155121947319948,0.27068021716930096,0.5741978355107511,0.2102766798418972,0.24901185770750986,0.5407114624505929
2025/26,2025-12-03,Leeds,Chelsea,H,4.1,4.1,1.8,3,1,17,14,5,2,4,2,1,1,0,0,Home Win,Away Win,Away Win,0.17740581812618014,0.28103743612201726,0.5415567457518026,0.2337662337662338,0.2337662337662338,0.5324675324675325
2025/26,2025-12-03,Liverpool,Sunderland,D,1.36,5.25,7.0,1,1,23,9,4,6,7,3,1,1,0,0,Draw,Home Win,Home Win,0.7430604542894524,0.1769818588055201,0.0799576869050275,0.6880733944954128,0.1782437745740498,0.13368283093053734
2025/26,2025-12-03,Wolverhampton Wanderers,Nottingham Forest,A,3.25,3.4,2.25,0,1,5,10,1,3,3,9,2,2,0,0,Away Win,Away Win,Away Win,0.2398780539925974,0.2598604984696356,0.500261447537767,0.2940893801057184,0.2811148486304661,0.4247957712638154
2025/26,2025-12-04,Manchester United,West Ham,D,1.45,5.0,6.0,1,1,17,11,4,3,6,6,2,2,0,0,Draw,Home Win,Home Win,0.6816983991433807,0.1616933573600058,0.15660824349661334,0.6528835690968444,0.18933623503808486,0.15778019586507072
2025/26,2025-12-06,Aston Villa,Arsenal,H,4.2,3.5,1.9,2,1,15,15,6,9,3,3,0,2,0,0,Home Win,Away Win,Away Win,0.200055419852959,0.32691046858799033,0.4730341115590507,0.22673031026252988,0.27207637231503584,0.5011933174224344
2025/26,2025-12-06,Bournemouth,Chelsea,D,3.1,3.75,2.15,0,0,13,11,5,4,5,0,0,2,0,0,Draw,Away Win,Away Win,0.2984016653503786,0.25154431210794975,0.45005402254167165,0.3059482022578503,0.25291718053315626,0.44113461720899344
2025/26,2025-12-06,Everton,Nottingham Forest,H,2.2,3.2,3.5,3,0,11,7,5,3,6,3,4,3,0,0,Home Win,Home Win,Home Win,0.4217497167656168,0.28927443575590495,0.2889758474784783,0.4317656129529684,0.2968388589051658,0.27139552814186585
2025/26,2025-12-06,Leeds,Liverpool,D,3.8,4.0,1.85,3,3,12,16,5,7,5,4,3,3,0,0,Draw,Away Win,Away Win,0.19655986255553387,0.3247446959533669,0.47869544149109905,0.249746878164023,0.23725953425582186,0.5129935875801553
2025/26,2025-12-06,Manchester City,Sunderland,H,1.25,6.5,10.0,3,0,18,8,6,1,6,5,1,0,0,1,Home Win,Home Win,Home Win,0.824356049911772,0.09388586175829525,0.08175808832993262,0.759124087591241,0.14598540145985403,0.09489051094890512
2025/26,2025-12-06,Newcastle,Burnley,H,1.27,6.0,9.5,2,1,17,9,7,3,9,9,2,2,0,1,Home Win,Home Win,Home Win,0.7580941059028639,0.141503601772169,0.10040229232496714,0.7433005150942166,0.1573319423616092,0.09936754254417422
2025/26,2025-12-06,Tottenham,Brentford,H,2.3,3.5,3.0,2,0,15,4,7,1,7,6,3,4,0,0,Home Win,Away Win,Home Win,0.3876795491001089,0.22228331999511228,0.39003713090477876,0.41257367387033406,0.27111984282907664,0.3163064833005894
2025/26,2025-12-07,Brighton,West Ham,D,1.55,4.33,5.75,1,1,22,14,4,5,10,6,2,2,0,0,Draw,Home Win,Home Win,0.5528150465670749,0.2753833220936574,0.17180163133926754,0.6144269091716742,0.21994496748639608,0.16562812334192958
2025/26,2025-12-07,Fulham,Crystal Palace,A,2.55,3.3,2.8,1,2,12,11,4,5,6,4,0,0,0,0,Away Win,Away Win,Home Win,0.30722405754944004,0.27122457075033757,0.42155137170022233,0.37265577737447064,0.2879612825166364,0.33938294010889286
2025/26,2025-12-08,Wolverhampton Wanderers,Manchester United,A,4.2,4.0,1.75,1,4,8,27,2,10,1,9,3,2,0,0,Away Win,Away Win,Away Win,0.20550293772061543,0.2501357833277287,0.5443612789516559,0.2247191011235955,0.23595505617977527,0.5393258426966292
2025/26,2025-12-13,Arsenal,Wolverhampton Wanderers,H,1.13,8.5,21.0,2,1,16,3,2,2,8,0,0,4,0,0,Home Win,Home Win,Home Win,0.8890711000560805,0.07515136637732915,0.03577753356659051,0.8426369580097717,0.1120211485354167,0.04534189345481152
2025/26,2025-12-13,Burnley,Fulham,A,4.0,3.5,1.91,2,3,16,6,8,4,10,4,1,2,0,0,Away Win,Away Win,Away Win,0.22858047674637857,0.34954548912575945,0.42187403412786195,0.23601059135039718,0.26972639011473964,0.4942630185348632
2025/26,2025-12-13,Chelsea,Everton,H,1.67,3.8,5.25,2,0,17,11,5,2,4,7,1,0,0,0,Home Win,Home Win,Home Win,0.49774252743747555,0.34137727169415116,0.16088020086837326,0.5689677299756157,0.2500463444892837,0.1809859255351006
2025/26,2025-12-13,Liverpool,Brighton,H,1.67,4.0,4.75,2,0,18,14,4,1,2,2,1,2,0,0,Home Win,Home Win,Home Win,0.5396722745111668,0.31605889713294993,0.14426882835588314,0.5652658981033842,0.23599851245816286,0.19873558943845293
2025/26,2025-12-14,Brentford,Leeds,D,1.91,3.6,4.0,1,1,7,18,2,4,0,3,0,0,0,0,Draw,Home Win,Home Win,0.6017730606526083,0.17287031577857717,0.22535662356881453,0.49799419006778256,0.2642135841748513,0.23779222575736617
2025/26,2025-12-14,Crystal Palace,Manchester City,A,3.9,3.9,1.85,0,3,16,7,4,6,2,2,2,0,0,0,Away Win,Away Win,Away Win,0.23368660661468862,0.24949180375004418,0.5168215896352671,0.24342105263157898,0.24342105263157898,0.513157894736842
2025/26,2025-12-14,Nottingham Forest,Tottenham,H,2.55,3.3,2.8,3,0,15,6,6,1,3,3,1,3,0,0,Home Win,Home Win,Home Win,0.39938007609264,0.3223125557522578,0.2783073681551023,0.37265577737447064,0.2879612825166364,0.33938294010889286
2025/26,2025-12-14,Sunderland,Newcastle,H,3.3,3.3,2.25,1,0,5,6,1,2,3,6,5,4,0,0,Home Win,Away Win,Away Win,0.23194313024969343,0.3221113785505224,0.4459454911997842,0.28846153846153844,0.28846153846153844,0.423076923076923
2025/26,2025-12-14,West Ham,Aston Villa,A,3.75,3.5,2.0,2,3,10,7,3,4,5,3,1,2,0,0,Away Win,Away Win,Away Win,0.21809309587560352,0.26693111474799497,0.5149757893764014,0.25339366515837103,0.27149321266968324,0.4751131221719457
2025/26,2025-12-15,Manchester United,Bournemouth,D,1.83,4.0,3.8,4,4,25,14,9,9,5,4,2,3,0,0,Draw,Home Win,Home Win,0.5269911193081517,0.22270708054274993,0.25030180014909836,0.5157087602632829,0.23593675782045195,0.2483544819162652
2025/26,2025-12-20,Bournemouth,Burnley,D,1.48,4.33,6.5,1,1,16,4,1,1,5,3,1,1,0,0,Draw,Home Win,Home Win,0.6074842484930406,0.2160942424533581,0.1764215090536014,0.6371481479804588,0.21777811986399054,0.14507373215555064
2025/26,2025-12-20,Brighton,Sunderland,D,1.67,4.0,5.25,0,0,16,14,4,6,3,4,2,2,0,0,Draw,Home Win,Home Win,0.5229790690635582,0.31817066464038607,0.15885026629605575,0.5761712051581042,0.24055147815350847,0.1832773166883874
2025/26,2025-12-20,Everton,Arsenal,A,5.75,4.1,1.57,0,1,5,13,1,2,2,3,2,2,0,0,Away Win,Away Win,Away Win,0.18301466562218777,0.25927108577069624,0.5577142486071159,0.1648842838663405,0.23124015420279465,0.6038755619308649
2025/26,2025-12-20,Leeds,Crystal Palace,H,2.6,3.3,2.75,4,1,20,9,8,3,9,5,1,3,0,0,Home Win,Away Win,Home Win,0.20440674711808113,0.3859384471035577,0.4096548057783613,0.3658536585365854,0.2882483370288249,0.34589800443458985
2025/26,2025-12-20,Manchester City,West Ham,H,1.22,8.0,10.0,3,0,17,7,8,3,6,0,1,1,0,0,Home Win,Home Win,Home Win,0.8366030279323569,0.07143227597044416,0.09196469609719891,0.7846214201647704,0.11965476657512748,0.095723813260102
2025/26,2025-12-20,Newcastle,Chelsea,D,2.75,3.6,2.45,2,2,11,13,5,4,6,4,3,6,0,0,Draw,Home Win,Away Win,0.36861545329222406,0.281465346866215,0.349919199841561,0.346459785917706,0.26465678090935874,0.3888834331729352
2025/26,2025-12-20,Tottenham,Liverpool,A,3.5,3.75,2.0,1,2,15,8,4,4,2,6,3,3,2,0,Away Win,Away Win,Away Win,0.30174399420966863,0.24158676890141578,0.45666923688891553,0.27149321266968324,0.25339366515837103,0.4751131221719457
2025/26,2025-12-20,Wolverhampton Wanderers,Brentford,A,3.5,3.6,2.05,0,2,9,7,2,6,3,4,2,4,0,0,Away Win,Away Win,Away Win,0.21249339779435902,0.21603418578841527,0.5714724164172257,0.2717731541152642,0.2642238998342847,0.46400294605045117
2025/26,2025-12-21,Aston Villa,Manchester United,H,2.1,3.6,3.3,2,1,12,15,4,6,5,5,1,2,0,0,Home Win,Home Win,Home Win,0.39780090349504754,0.31291082910709067,0.28928826739786184,0.45051194539249145,0.2627986348122867,0.2866894197952219
2025/26,2025-12-22,Fulham,Nottingham Forest,H,2.4,3.25,3.0,1,0,11,12,1,2,1,5,5,4,0,0,Home Win,Home Win,Home Win,0.38616868725607595,0.2745381801347536,0.3392931326091705,0.393939393939394,0.2909090909090909,0.3151515151515151
2025/26,2025-12-26,Manchester United,Newcastle,H,2.55,3.6,2.6,1,0,10,16,4,3,2,11,2,1,0,0,Home Win,Home Win,Home Win,0.3695363664494983,0.3133798833053646,0.3170837502451372,0.3718712753277712,0.2634088200238379,0.3647199046483909
2025/26,2025-12-27,Arsenal,Brighton,H,1.42,4.75,7.0,2,1,24,8,6,3,7,2,2,3,0,0,Home Win,Home Win,Home Win,0.6787817552065492,0.2130945905655197,0.10812365422793122,0.6658656253129068,0.1990587764093321,0.13507559827776108
2025/26,2025-12-27,Brentford,Bournemouth,H,2.25,3.6,3.0,4,1,15,20,7,10,2,15,2,2,0,0,Home Win,Home Win,Home Win,0.42332619577213343,0.2668206451782876,0.3098531590495789,0.42105263157894735,0.2631578947368421,0.3157894736842105
2025/26,2025-12-27,Burnley,Everton,D,4.1,3.4,1.95,0,0,16,15,0,6,6,5,0,2,0,0,Draw,Away Win,Away Win,0.20000909373063921,0.35073785273098507,0.44925305353837564,0.23210222300017505,0.27988797479432875,0.4880098022054963
2025/26,2025-12-27,Chelsea,Aston Villa,A,1.83,3.9,4.0,1,2,14,11,3,8,6,7,5,3,0,0,Away Win,Home Win,Home Win,0.4498865982331943,0.3050428263361121,0.24507057543069344,0.5190138736400838,0.24353727916957785,0.23744884719033837
2025/26,2025-12-27,Liverpool,Wolverhampton Wanderers,H,1.25,6.5,10.0,2,1,14,9,4,4,6,4,0,1,0,0,Home Win,Home Win,Home Win,0.7971535584857267,0.13248270214547717,0.07036373936879611,0.759124087591241,0.14598540145985403,0.09489051094890512
2025/26,2025-12-27,Nottingham Forest,Manchester City,A,5.0,4.33,1.6,1,2,7,16,2,5,5,5,1,2,0,0,Away Win,Away Win,Away Win,0.24135191065957232,0.25916073442316206,0.49948735491726576,0.1894034665646017,0.2187107004210181,0.5918858330143802
2025/26,2025-12-27,West Ham,Fulham,A,2.63,3.4,2.6,0,1,11,15,2,4,5,4,1,3,0,0,Away Win,Draw,Away Win,0.3419896491521643,0.3612983719135182,0.29671197893431756,0.3590576766856215,0.27774167343623074,0.3632006498781478
2025/26,2025-12-28,Crystal Palace,Tottenham,A,2.25,3.25,3.2,0,1,15,8,2,4,3,2,3,2,0,0,Away Win,Home Win,Home Win,0.39239529045676275,0.29207828604169617,0.315526423501541,0.41746111389864526,0.28901154039136984,0.29352734570998495
2025/26,2025-12-28,Sunderland,Leeds,D,2.5,3.1,2.88,1,1,8,17,3,6,3,9,1,0,0,0,Draw,Away Win,Home Win,0.3677724553170648,0.23495982936075094,0.3972677153221843,0.3739006616969595,0.30153279169109637,0.324566546611944
2025/26,2025-12-30,Arsenal,Aston Villa,H,1.42,4.75,7.0,4,1,22,11,7,3,3,3,2,3,0,0,Home Win,Home Win,Home Win,0.6880706235102512,0.19486942588397624,0.11705995060577257,0.6658656253129068,0.1990587764093321,0.13507559827776108
2025/26,2025-12-30,Burnley,Newcastle,A,5.25,4.2,1.6,1,3,15,20,4,9,3,4,2,1,0,0,Away Win,Away Win,Away Win,0.19209988131827954,0.2604231252821456,0.5474769933995749,0.18079096045197737,0.22598870056497172,0.5932203389830508
2025/26,2025-12-30,Chelsea,Bournemouth,D,1.5,4.75,5.75,2,2,17,17,3,6,12,3,1,1,0,0,Draw,Home Win,Home Win,0.6329006850630274,0.20089934972363904,0.16619996521333355,0.6342525399129173,0.20029027576197386,0.16545718432510886
2025/26,2025-12-30,Manchester United,Wolverhampton Wanderers,D,1.36,5.25,8.0,1,1,15,11,6,4,8,4,0,2,0,0,Draw,Home Win,Home Win,0.7237579663544607,0.1614881979956831,0.11475383564985618,0.6997667444185273,0.18127290903032325,0.11896034655114963
2025/26,2025-12-30,Nottingham Forest,Everton,A,2.1,3.25,3.7,0,2,21,11,6,3,9,2,1,0,0,0,Away Win,Home Win,Home Win,0.4261435912405142,0.38716809822128695,0.18668831053819884,0.45172802404207363,0.291885800150263,0.2563861758076634
2025/26,2025-12-30,West Ham,Brighton,D,3.4,3.75,2.0,2,2,10,16,4,6,5,5,3,5,0,0,Draw,Away Win,Away Win,0.24299605480880554,0.3433192837374225,0.41368466145377186,0.27726432532347506,0.2513863216266174,0.47134935304990755
2025/26,2026-01-01,Brentford,Tottenham,D,2.1,3.6,3.2,0,0,7,9,2,3,3,1,1,2,0,0,Draw,Home Win,Home Win,0.49817206172933226,0.28340783997045055,0.21842009830021716,0.44651162790697674,0.26046511627906976,0.2930232558139535
2025/26,2026-01-01,Crystal Palace,Fulham,D,2.15,3.3,3.4,1,1,11,17,2,5,6,3,0,5,0,0,Draw,Home Win,Home Win,0.41203270936372954,0.3506350507803499,0.2373322398559207,0.43785365853658537,0.28526829268292686,0.27687804878048783
2025/26,2026-01-01,Liverpool,Leeds,D,1.55,4.5,5.5,0,0,19,4,4,2,8,3,0,2,0,0,Draw,Home Win,Home Win,0.7511042904757933,0.13192638374011767,0.11696932578408892,0.6149068322981366,0.21180124223602484,0.17329192546583852
2025/26,2026-01-01,Sunderland,Manchester City,D,7.5,4.75,1.38,0,0,10,14,4,4,3,5,1,1,0,0,Draw,Away Win,Away Win,0.12681587587303644,0.21111870459192117,0.6620654195350424,0.12478583666476298,0.1970302684180468,0.6781838949171902
2025/26,2026-01-03,Aston Villa,Nottingham Forest,H,1.75,3.9,4.5,3,1,11,10,4,5,4,4,1,2,0,0,Home Win,Home Win,Home Win,0.5064092388483838,0.24472790343433887,0.24886285771727734,0.5441860465116279,0.24418604651162798,0.21162790697674422
2025/26,2026-01-03,Bournemouth,Arsenal,A,6.5,4.75,1.44,2,3,15,12,3,5,7,5,3,1,0,0,Away Win,Away Win,Away Win,0.1596983491521374,0.21197335446885077,0.6283282963790118,0.14530005310674457,0.19883165161975572,0.6558682952734998
2025/26,2026-01-03,Brighton,Burnley,H,1.48,4.33,7.0,2,0,15,5,4,3,4,4,0,4,0,0,Home Win,Home Win,Home Win,0.5634759014270575,0.297903759668022,0.13862033890492048,0.643819671016857,0.2200584556824361,0.1361218733007069
2025/26,2026-01-03,Wolverhampton Wanderers,West Ham,H,2.5,3.3,2.88,3,0,11,6,8,0,6,7,1,0,0,0,Home Win,Home Win,Home Win,0.37329829374338075,0.2542543913562084,0.3724473149004107,0.38086078384226973,0.28853089685020433,0.33060831930752577
2025/26,2026-01-04,Everton,Brentford,A,2.35,3.25,3.1,2,4,14,11,6,7,4,5,0,2,0,0,Away Win,Home Win,Home Win,0.41007918949046174,0.2709135938466565,0.31900721666288173,0.4030403040304031,0.29142914291429145,0.3055305530553056
2025/26,2026-01-04,Fulham,Liverpool,D,3.8,3.75,1.91,2,2,8,10,2,2,3,8,1,1,0,0,Draw,Away Win,Away Win,0.3086483337871456,0.23070079909294564,0.46065086711990866,0.24982124483353968,0.25315219476465356,0.49702656040180676
2025/26,2026-01-04,Leeds,Manchester United,D,2.7,3.3,2.63,1,1,11,15,3,2,6,4,0,1,0,0,Draw,Draw,Away Win,0.27210444450174776,0.3768230906576421,0.3510724648406101,0.3515188335358444,0.28760631834750905,0.3608748481166464
2025/26,2026-01-04,Manchester City,Chelsea,D,1.6,4.75,4.5,1,1,14,8,3,3,8,2,3,3,0,0,Draw,Home Win,Home Win,0.6778786676489493,0.13199245260471476,0.19012887974633585,0.5908776779543885,0.1990324809951624,0.21008984105044923
2025/26,2026-01-04,Newcastle,Crystal Palace,H,1.7,3.9,4.75,2,0,12,11,7,1,8,6,1,3,0,0,Home Win,Home Win,Home Win,0.5391327505779596,0.2386438696958869,0.2222233797261535,0.5574781823653325,0.24300331026181163,0.1995185073728558
2025/26,2026-01-04,Tottenham,Sunderland,D,1.8,3.6,4.5,1,1,13,10,5,3,3,5,2,3,0,0,Draw,Home Win,Home Win,0.6156028781982,0.18680632966038097,0.19759079214141897,0.5263157894736842,0.2631578947368421,0.21052631578947367
2025/26,2026-01-06,West Ham,Nottingham Forest,A,2.88,3.25,2.2,1,2,14,13,3,5,6,5,3,0,0,0,Away Win,Away Win,Away Win,0.3211587856535771,0.30283152835925037,0.3760096859871725,0.312965070471855,0.2773352009104439,0.40969972861770115
2025/26,2026-01-07,Bournemouth,Tottenham,H,2.1,3.6,3.3,3,2,11,16,3,4,3,7,3,3,0,0,Home Win,Home Win,Home Win,0.47574354559252396,0.2691319138000308,0.25512454060744505,0.45051194539249145,0.2627986348122867,0.2866894197952219
2025/26,2026-01-07,Brentford,Sunderland,H,1.85,3.5,4.33,3,0,18,11,6,3,7,4,2,1,0,0,Home Win,Home Win,Home Win,0.578473547679393,0.26847337562869283,0.15305307669191415,0.511293669135136,0.2702552251142862,0.21845110575057775
2025/26,2026-01-07,Burnley,Manchester United,D,4.75,4.0,1.7,2,2,7,30,1,10,2,6,2,0,0,0,Draw,Away Win,Away Win,0.2158573423485738,0.26724743344039226,0.516895224211034,0.2007380073800738,0.23837638376383766,0.5608856088560886
2025/26,2026-01-07,Crystal Palace,Aston Villa,D,3.1,3.3,2.3,0,0,11,15,5,3,3,5,2,0,0,0,Draw,Away Win,Away Win,0.24711549729858354,0.31962225601118244,0.43326224669023394,0.30420841683366734,0.28577154308617236,0.41002004008016035
2025/26,2026-01-07,Everton,Wolverhampton Wanderers,D,1.75,3.5,5.0,1,1,13,13,2,4,2,7,1,3,2,0,Draw,Home Win,Home Win,0.5873620652567363,0.2507032852913266,0.161934649451937,0.5405405405405405,0.27027027027027023,0.1891891891891892
2025/26,2026-01-07,Fulham,Chelsea,H,3.4,3.6,2.05,2,1,16,14,5,6,2,11,3,3,0,1,Home Win,Away Win,Away Win,0.3348486243649203,0.2209328118041469,0.44421856383093294,0.2775479503572772,0.2621286197818729,0.46032342986085
2025/26,2026-01-07,Manchester City,Brighton,D,1.4,5.25,6.5,1,1,22,6,6,3,6,2,1,6,0,0,Draw,Home Win,Home Win,0.7051300847786816,0.16704119079175794,0.12782872442956048,0.6747404844290658,0.17993079584775085,0.1453287197231834
2025/26,2026-01-07,Newcastle,Leeds,H,1.67,3.8,5.0,4,3,18,14,8,6,8,4,3,2,0,0,Home Win,Home Win,Home Win,0.7058886707694806,0.14124211722984922,0.15286921200067022,0.5638651471984806,0.24780389363722696,0.18833095916429252
2025/26,2026-01-08,Arsenal,Liverpool,D,1.6,4.1,5.0,0,0,9,8,4,0,3,0,2,2,0,0,Draw,Home Win,Home Win,0.6895749359713047,0.2018650248078966,0.10856003922079865,0.5847119224187108,0.2281802624073018,0.18710781517398747
2025/26,2026-01-17,Chelsea,Brentford,H,1.73,4.0,4.75,2,0,6,15,2,5,3,9,3,2,0,0,Home Win,Home Win,Home Win,0.5360904085227622,0.24610696093806608,0.21780263053917173,0.5565726839985353,0.2407176858293665,0.2027096301720981
2025/26,2026-01-17,Leeds,Fulham,H,2.15,3.3,3.5,1,0,14,8,5,1,7,3,1,5,0,0,Home Win,Draw,Home Win,0.3543510199290326,0.40902106246797904,0.23662791760298837,0.44134505158578524,0.28754298815437523,0.2711119602598395
2025/26,2026-01-17,Liverpool,Burnley,D,1.22,6.5,11.0,1,1,32,7,11,1,9,1,1,2,0,0,Draw,Home Win,Home Win,0.8025186551576886,0.1338155127520288,0.06366583209028255,0.7700592353257942,0.14453419493807215,0.08540656973613354
2025/26,2026-01-17,Manchester United,Manchester City,H,3.7,3.8,1.91,2,0,11,7,7,1,1,6,2,3,0,0,Home Win,Away Win,Away Win,0.3093545063378019,0.26604598224304515,0.4245995114191529,0.25569843227056543,0.24896952615818213,0.49533204157125243
2025/26,2026-01-17,Nottingham Forest,Arsenal,D,6.0,4.33,1.53,0,0,6,15,0,3,4,9,1,1,0,0,Draw,Away Win,Away Win,0.20540490853133228,0.2626611536392639,0.5319339378294038,0.15854770503220061,0.21969658895916944,0.6217557060086298
2025/26,2026-01-17,Sunderland,Crystal Palace,H,2.75,3.1,2.75,2,1,13,6,7,2,3,4,3,3,0,0,Home Win,Away Win,Home Win,0.22625897373309686,0.3511406071823625,0.42260041908454066,0.3463687150837989,0.30726256983240224,0.3463687150837989
2025/26,2026-01-17,Tottenham,West Ham,A,1.73,4.0,4.5,1,2,21,17,6,4,11,5,5,3,0,0,Away Win,Home Win,Home Win,0.6081994712941344,0.16543023500648468,0.22637029369938078,0.5503745604647607,0.238036997401009,0.21158844213423023
2025/26,2026-01-18,Aston Villa,Everton,A,1.67,3.9,5.25,0,1,18,9,5,3,6,4,1,2,0,0,Away Win,Home Win,Home Win,0.5199373253105196,0.294727783606934,0.1853348910825464,0.5726391743927508,0.24520703108612663,0.1821537945211226
2025/26,2026-01-18,Wolverhampton Wanderers,Newcastle,D,4.75,4.0,1.7,0,0,6,12,2,2,4,7,2,2,0,0,Draw,Away Win,Away Win,0.20482398838891386,0.20542357990255206,0.5897524317085341,0.2007380073800738,0.23837638376383766,0.5608856088560886
2025/26,2026-01-19,Brighton,Bournemouth,D,1.85,3.9,3.8,1,1,17,11,5,2,11,6,2,3,0,0,Draw,Home Win,Home Win,0.46354487926082466,0.31695013595315824,0.21950498478601724,0.509891622226045,0.2418716669533804,0.24823671082057458
2025/26,2026-01-24,Bournemouth,Liverpool,H,3.75,3.8,1.9,3,2,12,14,5,4,3,11,1,1,0,0,Home Win,Away Win,Away Win,0.27967811992972536,0.27826725638347904,0.44205462368679566,0.25249169435215946,0.24916943521594684,0.4983388704318937
2025/26,2026-01-24,Burnley,Tottenham,D,3.7,3.5,2.05,2,2,9,18,4,11,1,3,1,0,0,0,Draw,Away Win,Away Win,0.28373357994846043,0.27587539961455726,0.44039102043698225,0.2589317935763262,0.273727896066402,0.4673403103572718
2025/26,2026-01-24,Fulham,Brighton,H,2.6,3.4,2.7,2,1,12,13,4,5,6,6,1,1,0,0,Home Win,Home Win,Home Win,0.35730881763283984,0.3064344061676941,0.33625677619946615,0.36661341853035134,0.28035143769968046,0.353035143769968
2025/26,2026-01-24,Manchester City,Wolverhampton Wanderers,H,1.2,7.0,11.0,2,0,11,11,4,1,4,6,1,3,0,0,Home Win,Home Win,Home Win,0.8432785090618137,0.08221305195091667,0.07450843898726973,0.7809330628803246,0.13387423935091278,0.08519269776876268
2025/26,2026-01-24,West Ham,Sunderland,H,2.5,3.2,2.88,3,1,13,7,5,2,3,3,2,4,0,0,Home Win,Home Win,Home Win,0.4274584223336834,0.2965129574059995,0.27602862026031716,0.3774574049803408,0.2948885976408912,0.327653997378768
2025/26,2026-01-25,Arsenal,Manchester United,A,1.55,4.2,6.0,2,3,15,10,4,3,9,2,2,0,0,0,Away Win,Home Win,Home Win,0.6932436977666927,0.18982816824933535,0.11692813398397195,0.6144842721287491,0.22677395757132407,0.15874177029992684
2025/26,2026-01-25,Brentford,Nottingham Forest,A,1.91,3.5,4.1,0,2,10,7,1,2,6,5,1,0,0,0,Away Win,Home Win,Home Win,0.5197335632600499,0.2529187148451228,0.22734772189482724,0.4971246449109679,0.27128802050855677,0.2315873345804753
2025/26,2026-01-25,Crystal Palace,Chelsea,A,3.5,3.8,2.0,1,3,13,10,7,6,4,5,2,2,1,0,Away Win,Away Win,Away Win,0.2628677990598803,0.22849279935107195,0.5086394015890477,0.27240143369175623,0.25089605734767023,0.4767025089605735
2025/26,2026-01-25,Newcastle,Aston Villa,A,1.95,3.7,3.7,0,2,15,14,4,8,6,5,1,2,0,0,Away Win,Home Win,Home Win,0.4910235918931412,0.2582293881807196,0.2507470199261391,0.48684210526315796,0.256578947368421,0.256578947368421
2025/26,2026-01-26,Everton,Leeds,D,2.5,3.25,2.9,1,1,10,14,3,4,4,4,0,3,0,0,Draw,Home Win,Home Win,0.4923723267583902,0.22357601332898733,0.2840516599126224,0.3800403225806452,0.2923387096774194,0.3276209677419355
2025/26,2026-01-31,Brighton,Everton,D,1.85,3.6,4.1,1,1,11,7,2,4,5,2,1,2,0,0,Draw,Draw,Home Win,0.40328920648632754,0.41927023633661925,0.1774405571770532,0.5088777796931563,0.26150663678676095,0.2296155835200828
2025/26,2026-01-31,Chelsea,West Ham,H,1.5,4.5,6.0,3,2,14,11,6,6,9,3,3,2,0,1,Home Win,Home Win,Home Win,0.6482252586156995,0.2062557569040263,0.14551898448027417,0.631578947368421,0.21052631578947367,0.15789473684210525
2025/26,2026-01-31,Leeds,Arsenal,A,5.75,4.2,1.55,0,4,3,14,1,8,4,12,1,1,0,0,Away Win,Away Win,Away Win,0.13669243605874368,0.2795414677436691,0.5837660961975872,0.16450818118642996,0.22521953376713624,0.6102722850464337
2025/26,2026-01-31,Liverpool,Newcastle,H,1.8,3.9,4.1,4,1,17,8,7,2,7,11,1,3,0,0,Home Win,Home Win,Home Win,0.5931075012131556,0.25943338745579514,0.14745911133104928,0.5261599210266535,0.24284304047384012,0.23099703849950645
2025/26,2026-01-31,Wolverhampton Wanderers,Bournemouth,A,2.9,3.5,2.3,0,2,17,9,7,4,5,6,3,3,0,0,Away Win,Away Win,Away Win,0.30970352831897957,0.214793292538578,0.4755031791424425,0.3236831523924407,0.268194611982308,0.40812223562525135
2025/26,2026-02-01,Aston Villa,Brentford,A,2.1,3.5,3.4,0,1,27,6,5,2,12,1,0,3,0,0,Away Win,Home Win,Home Win,0.3953311207720604,0.2779218928340854,0.32674698639385424,0.45092838196286467,0.2705570291777188,0.27851458885941643
2025/26,2026-02-01,Manchester United,Fulham,H,1.57,4.5,5.0,3,2,13,14,6,6,3,7,2,1,0,0,Home Win,Home Win,Home Win,0.637353778143426,0.21304173585316113,0.14960448600341286,0.6013630896699185,0.2098089001737271,0.18882801015635442
2025/26,2026-02-01,Nottingham Forest,Crystal Palace,D,1.95,3.5,3.9,1,1,9,14,1,3,5,7,1,3,0,0,Draw,Home Win,Home Win,0.4674250138410378,0.2821822009820109,0.2503927851769513,0.48611111111111116,0.2708333333333333,0.24305555555555558
2025/26,2026-02-01,Tottenham,Manchester City,D,4.5,4.1,1.73,2,2,12,15,6,3,3,4,3,3,0,0,Draw,Away Win,Away Win,0.2618920787930378,0.1923562869188524,0.5457516342881099,0.2128240518482957,0.23358737397983678,0.5535885741718676
2025/26,2026-02-02,Sunderland,Burnley,H,1.8,3.5,4.75,3,0,14,5,5,0,1,2,1,4,0,0,Home Win,Home Win,Home Win,0.4407104544144615,0.3275569235059023,0.23173262207963619,0.5281969817315331,0.27164416203335984,0.20015885623510724
2025/26,2026-02-06,Leeds,Nottingham Forest,H,2.2,3.3,3.4,3,1,14,16,5,6,5,10,1,1,0,0,Home Win,Draw,Home Win,0.33218147404962634,0.34198113537125535,0.32583739057911837,0.43220338983050843,0.288135593220339,0.2796610169491525
2025/26,2026-02-07,Arsenal,Sunderland,H,1.22,6.25,12.0,3,0,16,5,5,3,5,2,1,2,0,0,Home Win,Home Win,Home Win,0.852903977544167,0.09877085039126453,0.048325172064568406,0.7710892921400297,0.1505166298257338,0.07839407803423636
2025/26,2026-02-07,Bournemouth,Aston Villa,D,2.7,3.5,2.5,1,1,20,7,9,4,11,4,1,1,0,0,Draw,Away Win,Away Win,0.3007064170883127,0.3020733368406896,0.39722024607099776,0.3507014028056112,0.2705410821643286,0.3787575150300601
2025/26,2026-02-07,Burnley,West Ham,A,3.3,3.5,2.15,0,2,18,6,5,4,5,2,3,1,0,0,Away Win,Away Win,Away Win,0.2911443443293266,0.2758995206946964,0.4329561349759769,0.28754298815437523,0.2711119602598395,0.44134505158578524
2025/26,2026-02-07,Fulham,Everton,A,2.1,3.25,3.75,1,2,13,16,3,3,6,6,1,5,0,0,Away Win,Home Win,Home Win,0.47073831544638534,0.2849843320762071,0.24427735247740756,0.4532775453277545,0.2928870292887029,0.25383542538354253
2025/26,2026-02-07,Manchester United,Tottenham,H,1.57,4.5,5.0,2,0,23,7,10,1,7,0,1,2,0,1,Home Win,Home Win,Home Win,0.6657435785948573,0.17075607236006535,0.1635003490450773,0.6013630896699185,0.2098089001737271,0.18882801015635442
2025/26,2026-02-07,Newcastle,Brentford,A,2.1,3.5,3.5,2,3,16,11,4,5,9,3,2,2,0,0,Away Win,Home Win,Home Win,0.46432402272894757,0.2580543966648765,0.2776215806061759,0.4545454545454546,0.27272727272727276,0.27272727272727276
2025/26,2026-02-07,Wolverhampton Wanderers,Chelsea,A,5.0,4.0,1.67,1,3,11,15,3,6,3,4,1,1,0,0,Away Win,Away Win,Away Win,0.19533882124103205,0.17821723092162597,0.6264439478373419,0.19069369112189552,0.2383671139023694,0.5709391949757351
2025/26,2026-02-08,Brighton,Crystal Palace,A,1.95,3.5,3.9,0,1,7,7,2,4,3,4,1,3,0,0,Away Win,Draw,Home Win,0.3581190538905043,0.3845072267534418,0.25737371935605385,0.48611111111111116,0.2708333333333333,0.24305555555555558
2025/26,2026-02-08,Liverpool,Manchester City,A,2.38,3.7,2.75,1,2,15,17,4,7,5,4,2,4,1,0,Away Win,Home Win,Home Win,0.46788558954000387,0.31593396825363146,0.21618044220636454,0.3986131787197368,0.256405233879182,0.3449815874010813
2025/26,2026-02-10,Chelsea,Leeds,D,1.55,4.33,5.5,2,2,19,4,4,2,4,1,4,4,0,0,Draw,Home Win,Home Win,0.705526397314867,0.15153672306272956,0.1429368796224035,0.6098357297414951,0.2183014736949925,0.17186279656351228
2025/26,2026-02-10,Everton,Bournemouth,A,2.38,3.4,3.0,1,2,16,11,6,4,7,2,1,3,1,0,Away Win,Home Win,Home Win,0.43012479019457156,0.27093285667395156,0.29894235313147677,0.40106951871657753,0.2807486631016043,0.3181818181818181
2025/26,2026-02-10,Tottenham,Newcastle,A,3.2,3.6,2.2,1,2,16,21,2,5,2,12,3,2,0,0,Away Win,Away Win,Away Win,0.33936519658725817,0.25864065253810936,0.4019941508746324,0.2990936555891239,0.26586102719033233,0.4350453172205438
2025/26,2026-02-10,West Ham,Manchester United,D,4.5,4.2,1.7,1,1,7,9,3,3,5,3,1,1,0,0,Draw,Away Win,Away Win,0.2313229736653932,0.2570715079869789,0.5116055183476279,0.21193232413178983,0.22707034728406053,0.5609973285841496
2025/26,2026-02-11,Aston Villa,Brighton,H,1.91,3.7,3.8,1,0,15,9,1,3,7,5,2,3,0,0,Home Win,Home Win,Home Win,0.42352758953587866,0.35016212636006117,0.22631028410406018,0.49533204157125243,0.25569843227056543,0.24896952615818213
2025/26,2026-02-11,Crystal Palace,Burnley,A,1.57,4.0,6.25,2,3,21,8,3,3,8,2,2,1,0,0,Away Win,Home Win,Home Win,0.5709738486259671,0.24278726435548958,0.1862388870185432,0.6083835249741437,0.2387905335523514,0.1528259414735049
2025/26,2026-02-11,Manchester City,Fulham,H,1.36,5.5,7.0,3,0,13,14,5,3,4,4,3,1,0,0,Home Win,Home Win,Home Win,0.7510394843858719,0.1496362701826653,0.09932424543146291,0.6936936936936937,0.17153153153153156,0.13477477477477479
2025/26,2026-02-11,Nottingham Forest,Wolverhampton Wanderers,D,1.7,3.8,5.0,0,0,35,7,10,3,8,2,0,2,0,0,Draw,Home Win,Home Win,0.610556018112089,0.24148513616946995,0.147958845718441,0.5594817432273262,0.2502944640753828,0.19022379269729095
2025/26,2026-02-11,Sunderland,Liverpool,A,4.75,3.8,1.73,0,1,11,23,2,3,3,11,1,0,0,0,Away Win,Away Win,Away Win,0.1858832233267182,0.2981913165119362,0.5159254601613457,0.20017356089094587,0.25021695111368236,0.5496094879953717
2025/26,2026-02-12,Brentford,Arsenal,D,4.75,3.9,1.7,1,1,12,7,3,2,6,4,3,2,0,0,Draw,Away Win,Away Win,0.23789520037764758,0.30668112130678377,0.4554236783155687,0.1995185073728558,0.24300331026181163,0.5574781823653325
2025/26,2026-02-18,Wolverhampton Wanderers,Arsenal,D,11.0,5.25,1.29,2,2,5,10,2,4,1,3,2,1,0,0,Draw,Away Win,Away Win,0.09673707378990873,0.1570278715958709,0.7462350546142202,0.08604097189137686,0.1802763220581229,0.7336827060505002
2025/26,2026-02-21,Aston Villa,Leeds,D,1.85,3.6,4.33,1,1,16,14,4,4,7,2,1,4,0,0,Draw,Home Win,Home Win,0.5857170175972292,0.1771295373032406,0.23715344509953015,0.5151610291323099,0.2647355288596593,0.22010344200803078
2025/26,2026-02-21,Brentford,Brighton,A,2.0,3.7,3.5,0,2,13,11,3,7,6,4,1,2,0,0,Away Win,Home Win,Home Win,0.45955887183199384,0.32335011780483786,0.21709101036316839,0.47349177330895803,0.25594149908592323,0.27056672760511885
2025/26,2026-02-21,Chelsea,Burnley,D,1.22,6.5,12.0,1,1,12,12,2,4,9,5,2,2,1,0,Draw,Home Win,Home Win,0.7747790422863894,0.1458288371787672,0.07939212053484335,0.7755791985681615,0.14557024957740877,0.07885055185442974
2025/26,2026-02-21,Manchester City,Newcastle,H,1.45,5.0,5.5,2,1,15,13,7,7,5,5,2,5,0,0,Home Win,Home Win,Home Win,0.7276704289126678,0.13374671794987425,0.1385828531374579,0.6436512580456407,0.18665886483323582,0.16968987712112346
2025/26,2026-02-21,West Ham,Bournemouth,D,2.5,3.7,2.63,0,0,20,10,3,5,9,5,1,1,0,0,Draw,Home Win,Home Win,0.3900155406068314,0.23027565072848113,0.3797088086646875,0.3807716387541087,0.2572781342933166,0.3619502269525748
2025/26,2026-02-22,Crystal Palace,Wolverhampton Wanderers,H,1.65,4.0,5.0,1,0,14,12,3,7,7,3,5,1,0,1,Home Win,Home Win,Home Win,0.564203868861548,0.21778779766752235,0.21800833347092954,0.5738880918220947,0.23672883787661403,0.18938307030129126
2025/26,2026-02-22,Nottingham Forest,Liverpool,A,4.1,3.9,1.8,0,1,18,10,2,4,7,2,2,0,0,0,Away Win,Away Win,Away Win,0.29599395848409044,0.291458631765182,0.4125474097507276,0.23099703849950645,0.24284304047384012,0.5261599210266535
2025/26,2026-02-22,Sunderland,Fulham,A,2.7,3.25,2.7,1,3,12,12,2,4,6,4,1,1,0,0,Away Win,Draw,Home Win,0.2796155420248569,0.39913534268832845,0.32124911528681455,0.3532608695652174,0.29347826086956524,0.3532608695652174
2025/26,2026-02-22,Tottenham,Arsenal,A,6.0,4.0,1.57,1,4,6,20,5,7,2,5,2,1,0,0,Away Win,Away Win,Away Win,0.18529058523121333,0.19880284836789042,0.6159065664008962,0.15818639798488665,0.23727959697732998,0.6045340050377834
2025/26,2026-02-23,Everton,Manchester United,A,3.7,3.75,1.91,0,1,12,11,4,3,10,1,2,3,0,0,Away Win,Away Win,Away Win,0.2808756257656168,0.3172833501807514,0.4018410240536317,0.2548524257681154,0.25145439342454057,0.49369318080734403
2025/26,2026-02-27,Wolverhampton Wanderers,Aston Villa,H,4.1,3.7,1.85,2,0,9,14,2,5,0,5,3,3,0,0,Home Win,Away Win,Away Win,0.19239210576894614,0.2275414266626824,0.5800664675683714,0.23125000000000004,0.25625,0.5125
2025/26,2026-02-28,Bournemouth,Sunderland,D,1.8,3.75,4.33,1,1,21,8,5,4,7,3,4,2,0,0,Draw,Home Win,Home Win,0.5703799474229994,0.23106342921717865,0.19855662335982205,0.5275084060230983,0.25320403489108717,0.21928755908581452
2025/26,2026-02-28,Burnley,Brentford,A,4.5,3.9,1.73,3,4,12,16,3,7,4,8,2,2,0,0,Away Win,Away Win,Away Win,0.1932975063941417,0.21983252769443715,0.5868699659114212,0.21030484383766596,0.24265943519730693,0.5470357209650272
2025/26,2026-02-28,Leeds,Manchester City,A,4.75,4.33,1.62,0,1,14,14,2,5,5,3,0,3,0,0,Away Win,Away Win,Away Win,0.1793857440868455,0.27107122897975944,0.5495430269333951,0.19884287540642515,0.21813017509942711,0.5830269494941478
2025/26,2026-02-28,Liverpool,West Ham,H,1.42,4.75,6.5,5,2,18,11,7,4,10,5,2,2,0,0,Home Win,Home Win,Home Win,0.7198560822253969,0.1777884405379033,0.10235547723669984,0.6590181430096052,0.19701173959445034,0.1439701173959445
2025/26,2026-02-28,Newcastle,Everton,A,1.7,4.0,4.75,2,3,17,9,7,5,7,2,2,3,0,0,Away Win,Home Win,Home Win,0.5656330129166626,0.26840088153212555,0.1659661055512118,0.5608856088560886,0.23837638376383766,0.2007380073800738
2025/26,2026-03-01,Arsenal,Chelsea,H,1.6,3.8,5.5,2,1,12,9,5,3,5,10,1,3,0,1,Home Win,Home Win,Home Win,0.6953317118176229,0.17901384489848599,0.12565444328389122,0.5841252096143097,0.24594745667970933,0.169927333705981
2025/26,2026-03-01,Brighton,Nottingham Forest,H,2.0,3.6,3.5,2,1,14,13,7,4,4,4,3,1,0,0,Home Win,Home Win,Home Win,0.38543198287381075,0.3545307802530736,0.26003723687311553,0.4701492537313433,0.2611940298507463,0.26865671641791045
2025/26,2026-03-01,Fulham,Tottenham,H,2.1,3.6,3.3,2,1,18,13,4,1,5,8,3,3,0,0,Home Win,Home Win,Home Win,0.514943821766911,0.20810678417717657,0.27694939405591235,0.45051194539249145,0.2627986348122867,0.2866894197952219
2025/26,2026-03-01,Manchester United,Crystal Palace,H,1.53,4.5,5.5,2,1,20,8,11,3,7,1,2,2,0,1,Home Win,Home Win,Home Win,0.5919833564461248,0.1955952097779302,0.2124214337759449,0.6179775280898876,0.21011235955056176,0.17191011235955056
2025/26,2026-03-03,Bournemouth,Brentford,D,2.5,3.6,2.63,0,0,13,5,2,2,4,3,2,1,0,0,Draw,Away Win,Home Win,0.3354430389084188,0.29036625820265505,0.3741907028889262,0.37806972008145995,0.26254841672323603,0.35938186319530413
2025/26,2026-03-03,Everton,Burnley,H,1.57,4.0,6.0,2,0,14,5,5,2,6,3,0,1,0,0,Home Win,Home Win,Home Win,0.6150862559135395,0.23657696049589688,0.1483367835905635,0.6045340050377834,0.23727959697732998,0.15818639798488665
2025/26,2026-03-03,Leeds,Sunderland,A,1.85,3.4,4.33,0,1,18,3,4,1,9,2,1,3,0,0,Away Win,Home Win,Home Win,0.4597075398362609,0.3429206945296969,0.19737176563404207,0.5072616073735894,0.2760099922473943,0.21672840037901628
2025/26,2026-03-03,Wolverhampton Wanderers,Liverpool,H,5.5,4.5,1.5,2,1,4,19,3,7,2,11,2,1,0,0,Home Win,Away Win,Away Win,0.19420963714721906,0.2153270768036528,0.5904632860491281,0.16981132075471697,0.20754716981132074,0.6226415094339622
2025/26,2026-03-04,Aston Villa,Chelsea,A,2.7,3.4,2.55,1,4,9,15,4,8,3,8,3,2,0,0,Away Win,Away Win,Away Win,0.33691474372462465,0.3209208291558241,0.34216442711955125,0.35051546391752575,0.27835051546391754,0.3711340206185567
2025/26,2026-03-04,Brighton,Arsenal,A,4.75,4.1,1.65,0,1,11,7,3,2,4,3,4,1,0,0,Away Win,Away Win,Away Win,0.17944351660860633,0.3839456089592078,0.43661087443218594,0.19851808377962,0.22999046291541345,0.5714914533049666
2025/26,2026-03-04,Fulham,West Ham,A,2.0,3.5,3.7,0,1,13,9,5,3,7,5,2,4,0,0,Away Win,Home Win,Home Win,0.5266227735885862,0.21891418369425947,0.2544630427171543,0.473491773308958,0.2705667276051188,0.2559414990859232
2025/26,2026-03-04,Manchester City,Nottingham Forest,D,1.38,5.0,7.5,2,2,21,9,7,4,6,1,0,4,0,0,Draw,Home Win,Home Win,0.7295257666553676,0.13645702626504808,0.13401720707958423,0.6849315068493151,0.18904109589041096,0.12602739726027395
2025/26,2026-03-04,Newcastle,Manchester United,H,2.63,3.5,2.6,2,1,12,14,5,5,2,4,2,3,1,0,Home Win,Home Win,Away Win,0.3743059065343474,0.3418850270938287,0.2838090663718239,0.3619297617627173,0.2719643638388418,0.3661058743984409
2025/26,2026-03-05,Tottenham,Crystal Palace,A,2.35,3.25,3.1,1,3,12,9,4,4,6,3,3,2,0,0,Away Win,Away Win,Home Win,0.3629157607528529,0.2707862076787172,0.3662980315684299,0.4030403040304031,0.29142914291429145,0.3055305530553056
2025/26,2026-03-14,Arsenal,Everton,H,1.38,4.75,8.5,2,0,25,9,7,3,8,3,0,0,0,0,Home Win,Home Win,Home Win,0.7190110145398043,0.19746176928927187,0.08352721617092387,0.6882884418683941,0.19996590521650184,0.11174565291510398
2025/26,2026-03-14,Burnley,Bournemouth,D,4.1,3.8,1.83,0,0,15,22,2,3,5,8,1,0,0,0,Draw,Away Win,Away Win,0.23135651390555123,0.21728853640289125,0.5513549496915575,0.23151446549255922,0.24979192329460334,0.5186936112128375
2025/26,2026-03-14,Chelsea,Newcastle,A,1.8,4.2,3.8,0,1,22,7,3,5,8,1,2,2,0,0,Away Win,Home Win,Home Win,0.539371489971395,0.26267460066306886,0.19795390936553622,0.5256916996047432,0.225296442687747,0.24901185770750986
2025/26,2026-03-14,Sunderland,Brighton,A,3.3,3.3,2.25,0,1,14,12,4,4,7,3,1,2,0,0,Away Win,Away Win,Away Win,0.20369637789228884,0.3749266311327683,0.42137699097494286,0.28846153846153844,0.28846153846153844,0.423076923076923
2025/26,2026-03-14,West Ham,Manchester City,D,4.33,4.33,1.7,1,1,1,24,1,6,1,15,2,2,0,0,Draw,Away Win,Away Win,0.2702262344239583,0.21924084686272413,0.5105329187133176,0.21992238033635186,0.21992238033635186,0.5601552393272963
2025/26,2026-03-15,Crystal Palace,Leeds,D,2.55,3.3,2.88,0,0,12,10,0,3,8,3,2,1,0,1,Draw,Home Win,Home Win,0.4110682072370436,0.20056673014628582,0.3883650626166704,0.37620235126469537,0.2907018168863555,0.333095831848949
2025/26,2026-03-15,Liverpool,Tottenham,D,1.3,6.25,8.0,1,1,17,13,4,7,3,4,0,0,0,0,Draw,Home Win,Home Win,0.8066998578358453,0.1183071206357299,0.07499302152842482,0.7296607077708864,0.1517694272163444,0.11856986501276906
2025/26,2026-03-15,Manchester United,Aston Villa,H,1.73,4.0,4.5,3,1,16,9,6,2,6,6,3,2,0,0,Home Win,Home Win,Home Win,0.5480149506139481,0.21929706282437253,0.23268798656167936,0.5503745604647607,0.238036997401009,0.21158844213423023
2025/26,2026-03-15,Nottingham Forest,Fulham,D,2.2,3.4,3.3,0,0,11,5,2,0,5,4,2,3,0,0,Draw,Home Win,Home Win,0.45982567095408877,0.34183108488675473,0.19834324415915652,0.43220338983050843,0.2796610169491525,0.288135593220339
2025/26,2026-03-16,Brentford,Wolverhampton Wanderers,D,1.55,4.2,5.75,2,2,10,13,3,4,1,5,2,4,0,0,Draw,Home Win,Home Win,0.6478839066327235,0.22352087140921267,0.12859522195806375,0.6102722850464338,0.2252195337671363,0.16450818118642999
2025/26,2026-03-20,Bournemouth,Manchester United,D,3.2,3.8,2.1,2,2,16,14,5,5,6,8,2,2,0,1,Draw,Away Win,Away Win,0.28667047257499007,0.28920832369086197,0.4241212037341479,0.29709605361131797,0.2501861504095309,0.4527177959791511
2025/26,2026-03-21,Brighton,Liverpool,H,3.1,3.5,2.2,2,1,16,12,7,5,4,8,5,5,0,0,Home Win,Draw,Away Win,0.272550809303337,0.4229114310800652,0.3045377596165977,0.303508080409933,0.26882144264879776,0.4276704769412692
2025/26,2026-03-21,Everton,Chelsea,H,3.5,3.4,2.1,3,0,10,12,9,4,3,9,0,2,0,0,Home Win,Away Win,Away Win,0.31794179836696285,0.2665513316109254,0.4155068700221117,0.27055702917771884,0.2785145888594165,0.4509283819628648
2025/26,2026-03-21,Fulham,Burnley,H,1.53,4.1,6.25,3,1,22,9,6,5,6,6,2,2,0,1,Home Win,Home Win,Home Win,0.6521297975393514,0.17647479058938959,0.17139541187125903,0.6180581517347837,0.23064121272054125,0.15130063554467504
2025/26,2026-03-21,Leeds,Brentford,D,2.45,3.5,2.88,0,0,14,6,4,2,6,2,2,0,0,0,Draw,Away Win,Home Win,0.2778615519049735,0.32448256230641176,0.39765588578861466,0.39205009528995366,0.2744350667029676,0.33351483800707865
2025/26,2026-03-22,Aston Villa,West Ham,H,1.95,3.6,3.8,2,0,23,9,7,1,6,6,0,1,0,0,Home Win,Home Win,Home Win,0.45860032248035587,0.2746713586478972,0.2667283188717468,0.4866595517609392,0.26360725720384204,0.24973319103521877
2025/26,2026-03-22,Newcastle,Sunderland,A,1.67,4.0,5.0,1,2,16,17,4,7,9,5,1,6,0,0,Away Win,Home Win,Home Win,0.643171060442338,0.20651117121159282,0.15031776834606927,0.5709391949757351,0.2383671139023694,0.19069369112189552
2025/26,2026-03-22,Tottenham,Nottingham Forest,A,2.25,3.4,3.2,0,3,14,8,3,7,13,3,1,2,0,0,Away Win,Home Win,Home Win,0.4277483830456086,0.2206068770048413,0.3516447399495502,0.42285270112708895,0.27982899339292655,0.29731830547998445
2025/26,2026-04-10,West Ham,Wolverhampton Wanderers,H,1.8,3.8,4.33,4,0,18,14,7,3,5,2,2,2,0,0,Home Win,Home Win,Home Win,0.5601057248082129,0.2263553364185309,0.2135389387732562,0.5292717447246527,0.2507076685537828,0.22002058672156458
2025/26,2026-04-11,Arsenal,Bournemouth,A,1.44,4.5,7.5,1,2,15,8,3,3,10,1,1,3,0,0,Away Win,Home Win,Home Win,0.742169172709091,0.14611615841461534,0.11171466887629364,0.6613756613756613,0.21164021164021163,0.12698412698412698
2025/26,2026-04-11,Brentford,Everton,D,2.15,3.3,3.5,2,2,17,14,4,7,2,3,0,2,0,0,Draw,Home Win,Home Win,0.4214150564747861,0.3670027988039238,0.21158214472129017,0.44134505158578524,0.28754298815437523,0.2711119602598395
2025/26,2026-04-11,Burnley,Brighton,A,4.5,4.0,1.73,0,2,10,13,5,6,8,2,2,1,0,0,Away Win,Away Win,Away Win,0.191258854198521,0.2936618307654858,0.5150793150359931,0.21158844213423023,0.238036997401009,0.5503745604647607
2025/26,2026-04-11,Liverpool,Fulham,H,1.65,4.2,4.75,2,0,18,19,5,4,6,9,0,0,0,0,Home Win,Home Win,Home Win,0.5988371331442438,0.2831871158369095,0.11797575101884673,0.5746381507885073,0.22575070209548498,0.19961114711600778
2025/26,2026-04-12,Chelsea,Manchester City,A,3.1,3.8,2.15,0,3,12,18,3,8,4,12,3,1,0,0,Away Win,Away Win,Away Win,0.3233450688307607,0.3261768600531532,0.3504780711160861,0.3069697538981777,0.250422693969566,0.4426075521322562
2025/26,2026-04-12,Crystal Palace,Newcastle,H,3.0,3.6,2.2,2,1,11,7,5,3,2,4,0,3,0,0,Home Win,Away Win,Away Win,0.29472594402547336,0.2846392028746652,0.4206348530998614,0.31279620853080564,0.2606635071090047,0.42654028436018954
2025/26,2026-04-12,Nottingham Forest,Aston Villa,D,2.63,3.3,2.7,1,1,15,12,4,5,7,3,2,2,0,0,Draw,Home Win,Home Win,0.34918530132138703,0.3322801004523096,0.3185345982263034,0.3608748481166464,0.28760631834750905,0.3515188335358444
2025/26,2026-04-12,Sunderland,Tottenham,H,2.7,3.2,2.7,1,0,13,11,2,7,2,6,3,3,0,0,Home Win,Away Win,Home Win,0.29927783680332226,0.33145604651594673,0.36926611668073106,0.3516483516483516,0.2967032967032967,0.3516483516483516
2025/26,2026-04-13,Manchester United,Leeds,A,1.62,4.1,5.0,1,2,20,15,9,6,11,4,3,2,1,0,Away Win,Home Win,Home Win,0.7022009434898896,0.13452857598144766,0.1632704805286626,0.5816922989614663,0.22983939617501845,0.18846830486351512
2025/26,2026-04-18,Brentford,Fulham,D,2.1,3.75,3.25,0,0,13,11,4,0,9,3,0,1,0,0,Draw,Home Win,Home Win,0.4606901809692507,0.33293565320660656,0.20637416582414272,0.4532775453277545,0.25383542538354253,0.2928870292887029
2025/26,2026-04-18,Chelsea,Manchester United,A,2.2,3.5,3.2,0,1,21,4,3,1,7,1,1,3,0,0,Away Win,Home Win,Home Win,0.4095025167223221,0.3464078628099644,0.24408962046771346,0.4317656129529684,0.27139552814186585,0.2968388589051658
2025/26,2026-04-18,Leeds,Wolverhampton Wanderers,H,1.62,3.9,5.75,3,0,17,7,6,2,5,6,2,1,0,0,Home Win,Home Win,Home Win,0.5174885904379699,0.2825187542413937,0.19999265532063637,0.5892322244994482,0.24475800094592468,0.16600977455462715
2025/26,2026-04-18,Newcastle,Bournemouth,A,2.0,3.75,3.5,1,2,12,12,3,3,2,3,2,4,0,0,Away Win,Home Win,Home Win,0.5111724234110466,0.22423348136044938,0.26459409522850397,0.4751131221719458,0.2533936651583711,0.2714932126696833
2025/26,2026-04-18,Tottenham,Brighton,D,2.7,3.75,2.4,2,2,13,10,6,3,7,5,3,1,0,0,Draw,Away Win,Away Win,0.3257684667855776,0.2873838617312741,0.3868476714831483,0.35149384885764495,0.25307557117750434,0.3954305799648506
2025/26,2026-04-19,Aston Villa,Sunderland,H,1.67,3.75,5.5,4,3,15,10,7,7,4,5,1,3,0,0,Home Win,Home Win,Home Win,0.583772651878208,0.24612841201653826,0.17009893610525376,0.5717651950932151,0.2546261002148451,0.17360870469193984
2025/26,2026-04-19,Everton,Liverpool,A,3.1,3.4,2.3,1,2,10,14,4,6,1,6,2,0,0,0,Away Win,Home Win,Away Win,0.3563068266025506,0.3081314017822549,0.3355617716151946,0.3067869752844252,0.27971753628874063,0.41349548842683403
2025/26,2026-04-19,Manchester City,Arsenal,H,1.83,3.7,4.2,2,1,15,9,5,3,8,5,2,2,0,0,Home Win,Home Win,Home Win,0.5844356074770716,0.21256390275846446,0.20300048976446405,0.5180518051805181,0.25622562256225623,0.22572257225722572
2025/26,2026-04-19,Nottingham Forest,Burnley,H,1.5,4.2,7.0,4,1,10,4,4,3,4,4,0,2,0,0,Home Win,Home Win,Home Win,0.6615870159241877,0.20824615819138106,0.13016682588443132,0.6363636363636365,0.2272727272727273,0.13636363636363638
2025/26,2026-04-20,Crystal Palace,West Ham,D,2.38,3.2,3.1,0,0,9,9,1,4,4,6,2,1,0,0,Draw,Home Win,Home Win,0.36731925574042007,0.3225989586655725,0.31008178559400756,0.3981697037810067,0.2961387171871237,0.3056915790318696
2025/26,2026-04-21,Brighton,Chelsea,H,2.5,3.5,2.7,3,0,15,6,9,0,6,5,1,1,0,0,Home Win,Draw,Home Win,0.33279150766510335,0.39714083229019226,0.27006766004470445,0.3787575150300601,0.2705410821643286,0.3507014028056112
2025/26,2026-04-22,Bournemouth,Leeds,D,2.0,3.5,3.6,2,2,17,10,7,3,12,1,3,0,0,0,Draw,Home Win,Home Win,0.5621442450171937,0.1792996250471039,0.2585561299357023,0.4701492537313433,0.26865671641791045,0.2611940298507463
2025/26,2026-04-22,Burnley,Manchester City,A,19.0,9.0,1.13,0,1,9,28,1,9,3,11,0,0,0,0,Away Win,Away Win,Away Win,0.08509732387724783,0.1043970155671404,0.8105056605556118,0.050187524674299246,0.10595144097907619,0.8438610343466245
